Date,season,month,site,transect,grass.nograss,temp,ph,sal,par,do,sample,dist.from.shore,ent_count,geom_mean,notes,,
2/16/2020,winter,February,Alki,A,1,8.7,8.91,30.74,44.3,9.48,1,1,1,1.166666667,,,
2/16/2020,winter,February,Alki,A,1,8.7,8.91,30.74,44.3,9.48,2,20,2,,,,
2/16/2020,winter,February,Alki,A,1,8.7,8.91,30.74,44.3,9.48,3,40,2,,,,62.4
2/16/2020,winter,February,Alki,A,1,8.7,8.91,30.74,44.3,9.48,4,60,0,,,,
2/16/2020,winter,February,Alki,A,1,8.7,8.91,30.74,44.3,9.48,5,80,1,,,,
2/16/2020,winter,February,Alki,A,1,8.7,8.91,30.74,44.3,9.48,6,100,1,,,,
2/16/2020,winter,February,Alki,B,1,8.7,8.91,30.74,44.3,9.48,1,1,4,2.833333333,,,
2/16/2020,winter,February,Alki,B,1,8.7,8.91,30.74,44.3,9.48,2,20,0,,,,
2/16/2020,winter,February,Alki,B,1,8.7,8.91,30.74,44.3,9.48,3,40,0,,,,
2/16/2020,winter,February,Alki,B,1,8.7,8.91,30.74,44.3,9.48,4,60,12,,,,
2/16/2020,winter,February,Alki,B,1,8.7,8.91,30.74,44.3,9.48,5,80,1,,,,
2/16/2020,winter,February,Alki,B,1,8.7,8.91,30.74,44.3,9.48,6,100,0,,,,
2/16/2020,winter,February,Alki,C,1,8.7,8.91,30.74,44.3,9.48,1,1,1,1.6,,,
2/16/2020,winter,February,Alki,C,1,8.7,8.91,30.74,44.3,9.48,2,20,,,,,
2/16/2020,winter,February,Alki,C,1,8.7,8.91,30.74,44.3,9.48,3,40,4,,,,
2/16/2020,winter,February,Alki,C,1,8.7,8.91,30.74,44.3,9.48,4,60,2,,,,
2/16/2020,winter,February,Alki,C,1,8.7,8.91,30.74,44.3,9.48,5,80,1,,,,
2/16/2020,winter,February,Alki,C,1,8.7,8.91,30.74,44.3,9.48,6,100,0,,,,
2/16/2020,winter,February,Alki,D,0,8.7,8.91,30.74,33.5,9.48,1,1,4,1.166666667,,,
2/16/2020,winter,February,Alki,D,0,8.7,8.91,30.74,33.5,9.48,2,20,0,,,,
2/16/2020,winter,February,Alki,D,0,8.7,8.91,30.74,33.5,9.48,3,40,0,,,,
2/16/2020,winter,February,Alki,D,0,8.7,8.91,30.74,33.5,9.48,4,60,1,,,,
2/16/2020,winter,February,Alki,D,0,8.7,8.91,30.74,33.5,9.48,5,80,0,,,,
2/16/2020,winter,February,Alki,D,0,8.7,8.91,30.74,33.5,9.48,6,100,2,,,,
2/16/2020,winter,February,Alki,E,0,8.7,8.91,30.74,33.5,9.48,1,1,3,1.5,,,
2/16/2020,winter,February,Alki,E,0,8.7,8.91,30.74,33.5,9.48,2,20,0,,,,
2/16/2020,winter,February,Alki,E,0,8.7,8.91,30.74,33.5,9.48,3,40,0,,,,
2/16/2020,winter,February,Alki,E,0,8.7,8.91,30.74,33.5,9.48,4,60,0,,,,
2/16/2020,winter,February,Alki,E,0,8.7,8.91,30.74,33.5,9.48,5,80,5,,,,
2/16/2020,winter,February,Alki,E,0,8.7,8.91,30.74,33.5,9.48,6,100,1,,,,
2/16/2020,winter,February,Alki,F,0,8.7,8.91,30.74,33.5,9.48,1,1,2,1.4,,,
2/16/2020,winter,February,Alki,F,0,8.7,8.91,30.74,33.5,9.48,2,20,4,,,,
2/16/2020,winter,February,Alki,F,0,8.7,8.91,30.74,33.5,9.48,3,40,0,,,,
2/16/2020,winter,February,Alki,F,0,8.7,8.91,30.74,33.5,9.48,4,60,,,,,
2/16/2020,winter,February,Alki,F,0,8.7,8.91,30.74,33.5,9.48,5,80,1,,,,
2/16/2020,winter,February,Alki,F,0,8.7,8.91,30.74,33.5,9.48,6,100,0,,,,
2/16/2020,winter,February,smithcove,A,1,8.7,8.27,31.05,37.8,10.1,1,1,30,25.16666667,,,
2/16/2020,winter,February,smithcove,A,1,8.7,8.27,31.05,37.8,10.1,2,20,8,,,,
2/16/2020,winter,February,smithcove,A,1,8.7,8.27,31.05,37.8,10.1,3,40,25,,,,
2/16/2020,winter,February,smithcove,A,1,8.7,8.27,31.05,37.8,10.1,4,60,32,,,,
2/16/2020,winter,February,smithcove,A,1,8.7,8.27,31.05,37.8,10.1,5,80,27,,,,
2/16/2020,winter,February,smithcove,A,1,8.7,8.27,31.05,37.8,10.1,6,100,29,,,,
2/16/2020,winter,February,smithcove,B,1,8.7,8.27,31.05,37.8,10.1,1,1,18,21.66666667,,,
2/16/2020,winter,February,smithcove,B,1,8.7,8.27,31.05,37.8,10.1,2,20,23,,,,
2/16/2020,winter,February,smithcove,B,1,8.7,8.27,31.05,37.8,10.1,3,40,22,,,,
2/16/2020,winter,February,smithcove,B,1,8.7,8.27,31.05,37.8,10.1,4,60,24,,,,
2/16/2020,winter,February,smithcove,B,1,8.7,8.27,31.05,37.8,10.1,5,80,31,,,,
2/16/2020,winter,February,smithcove,B,1,8.7,8.27,31.05,37.8,10.1,6,100,12,,,,
2/16/2020,winter,February,smithcove,C,1,8.7,8.27,31.05,37.8,10.1,1,1,17,26.66666667,,,
2/16/2020,winter,February,smithcove,C,1,8.7,8.27,31.05,37.8,10.1,2,20,19,,,,
2/16/2020,winter,February,smithcove,C,1,8.7,8.27,31.05,37.8,10.1,3,40,24,,,,
2/16/2020,winter,February,smithcove,C,1,8.7,8.27,31.05,37.8,10.1,4,60,51,,,,
2/16/2020,winter,February,smithcove,C,1,8.7,8.27,31.05,37.8,10.1,5,80,38,,,,
2/16/2020,winter,February,smithcove,C,1,8.7,8.27,31.05,37.8,10.1,6,100,11,,,,
2/16/2020,winter,February,smithcove,D,1,8.7,8.27,31.05,37.8,10.1,1,1,25,26,,,
2/16/2020,winter,February,smithcove,D,0,8.7,8.27,31.05,37.8,10.1,2,20,26,,,,
2/16/2020,winter,February,smithcove,D,0,8.7,8.27,31.05,37.8,10.1,3,40,38,,,,
2/16/2020,winter,February,smithcove,D,0,8.7,8.27,31.05,37.8,10.1,4,60,34,,,,
2/16/2020,winter,February,smithcove,D,0,8.7,8.27,31.05,37.8,10.1,5,80,15,,,,
2/16/2020,winter,February,smithcove,D,0,8.7,8.27,31.05,37.8,10.1,6,100,18,,,,
2/16/2020,winter,February,smithcove,E,0,8.7,8.27,31.05,37.8,10.1,1,1,29,38.66666667,,,
2/16/2020,winter,February,smithcove,E,0,8.7,8.27,31.05,37.8,10.1,2,20,74,,a lot!!,,
2/16/2020,winter,February,smithcove,E,0,8.7,8.27,31.05,37.8,10.1,3,40,40,,,,
2/16/2020,winter,February,smithcove,E,0,8.7,8.27,31.05,37.8,10.1,4,60,43,,,,
2/16/2020,winter,February,smithcove,E,0,8.7,8.27,31.05,37.8,10.1,5,80,23,,,,
2/16/2020,winter,February,smithcove,E,0,8.7,8.27,31.05,37.8,10.1,6,100,23,,,,
2/16/2020,winter,February,smithcove,F,0,8.7,8.27,31.05,37.8,10.1,1,1,45,39.5,,,
2/16/2020,winter,February,smithcove,F,0,8.7,8.27,31.05,37.8,10.1,2,20,41,,,,
2/16/2020,winter,February,smithcove,F,0,8.7,8.27,31.05,37.8,10.1,3,40,67,,,,
2/16/2020,winter,February,smithcove,F,0,8.7,8.27,31.05,37.8,10.1,4,60,30,,,,
2/16/2020,winter,February,smithcove,F,0,8.7,8.27,31.05,37.8,10.1,5,80,25,,,,
2/16/2020,winter,February,smithcove,F,0,8.7,8.27,31.05,37.8,10.1,6,100,29,,,,
2/20/2020,winter,February,Disc,A,1,8.7,8.93,28.12,40.9,10.8,1,1,28,6.5,changed light meter,,
2/20/2020,winter,February,Disc,A,1,8.7,8.93,28.12,40.9,10.8,2,20,4,,,,
2/20/2020,winter,February,Disc,A,1,8.7,8.93,28.12,40.9,10.8,3,40,4,,,,
2/20/2020,winter,February,Disc,A,1,8.7,8.93,28.12,40.9,10.8,4,60,2,,,,
2/20/2020,winter,February,Disc,A,1,8.7,8.93,28.12,40.9,10.8,5,80,0,,,,
2/20/2020,winter,February,Disc,A,1,8.7,8.93,28.12,40.9,10.8,6,100,1,,,,
2/20/2020,winter,February,Disc,B,1,8.7,8.93,28.12,40.9,10.8,1,1,14,6,,,
2/20/2020,winter,February,Disc,B,1,8.7,8.93,28.12,40.9,10.8,2,20,12,,,,
2/20/2020,winter,February,Disc,B,1,8.7,8.93,28.12,40.9,10.8,3,40,3,,,,
2/20/2020,winter,February,Disc,B,1,8.7,8.93,28.12,40.9,10.8,4,60,0,,,,
2/20/2020,winter,February,Disc,B,1,8.7,8.93,28.12,40.9,10.8,5,80,1,,,,
2/20/2020,winter,February,Disc,B,1,8.7,8.93,28.12,40.9,10.8,6,100,6,,,,
2/20/2020,winter,February,Disc,C,1,8,8.94,27,23.3,9.24,1,1,4,2.5,,,
2/20/2020,winter,February,Disc,C,1,8,8.94,27,23.3,9.24,2,20,1,,,,
2/20/2020,winter,February,Disc,C,1,8,8.94,27,23.3,9.24,3,40,1,,,,
2/20/2020,winter,February,Disc,C,1,8,8.94,27,23.3,9.24,4,60,0,,,,
2/20/2020,winter,February,Disc,C,1,8,8.94,27,23.3,9.24,5,80,4,,,,
2/20/2020,winter,February,Disc,C,1,8,8.94,27,23.3,9.24,6,100,5,,,,
2/20/2020,winter,February,Disc,D,1,8,8.94,27,23.3,9.24,1,1,2,1.333333333,,,
2/20/2020,winter,February,Disc,D,0,8,8.94,27,23.3,9.24,2,20,0,,,,
2/20/2020,winter,February,Disc,D,0,8,8.94,27,23.3,9.24,3,40,0,,,,
2/20/2020,winter,February,Disc,D,0,8,8.94,27,23.3,9.24,4,60,0,,,,
2/20/2020,winter,February,Disc,D,0,8,8.94,27,23.3,9.24,5,80,0,,,,
2/20/2020,winter,February,Disc,D,0,8,8.94,27,23.3,9.24,6,100,6,,,,
2/20/2020,winter,February,Disc,E,0,8.1,8.1,26.7,23,9.5,1,1,14,9.833333333,,,
2/20/2020,winter,February,Disc,E,0,8.1,8.1,26.7,23,9.5,2,20,5,,,,
2/20/2020,winter,February,Disc,E,0,8.1,8.1,26.7,23,9.5,3,40,10,,,,
2/20/2020,winter,February,Disc,E,0,8.1,8.1,26.7,23,9.5,4,60,0,,,,
2/20/2020,winter,February,Disc,E,0,8.1,8.1,26.7,23,9.5,5,80,0,,,,
2/20/2020,winter,February,Disc,E,0,8.1,8.1,26.7,23,9.5,6,100,30,,,,
2/20/2020,winter,February,Disc,F,0,8.1,8.1,26.7,23,9.5,1,1,5,4.166666667,,,
2/20/2020,winter,February,Disc,F,0,8.1,8.1,26.7,23,9.5,2,20,0,,,,
2/20/2020,winter,February,Disc,F,0,8.1,8.1,26.7,23,9.5,3,40,0,,,,
2/20/2020,winter,February,Disc,F,0,8.1,8.1,26.7,23,9.5,4,60,0,,,,
2/20/2020,winter,February,Disc,F,0,8.1,8.1,26.7,23,9.5,5,80,1,,,,
2/20/2020,winter,February,Disc,F,0,8.1,8.1,26.7,23,9.5,6,100,19,,,,
2/20/2020,winter,February,GG,A,1,8.2,8.61,26.15,62.4,11.62,1,1,12,5.5,,,
2/20/2020,winter,February,GG,A,1,8.2,8.61,26.15,62.4,11.62,2,20,3,,,,
2/20/2020,winter,February,GG,A,1,8.2,8.61,26.15,62.4,11.62,3,40,0,,,,
2/20/2020,winter,February,GG,A,1,8.2,8.61,26.15,62.4,11.62,4,60,2,,,,
2/20/2020,winter,February,GG,A,1,8.2,8.61,26.15,62.4,11.62,5,80,12,,,,
2/20/2020,winter,February,GG,A,1,8.2,8.61,26.15,62.4,11.62,6,100,4,,,,
2/20/2020,winter,February,GG,B,1,8.2,8.61,26.15,62.4,11.62,1,1,0,5,,,
2/20/2020,winter,February,GG,B,1,8.2,8.61,26.15,62.4,11.62,2,20,2,,,,
2/20/2020,winter,February,GG,B,1,8.2,8.61,26.15,62.4,11.62,3,40,2,,,,
2/20/2020,winter,February,GG,B,1,8.2,8.61,26.15,62.4,11.62,4,60,0,,,,
2/20/2020,winter,February,GG,B,1,8.2,8.61,26.15,62.4,11.62,5,80,1,,,,
2/20/2020,winter,February,GG,B,1,8.2,8.61,26.15,62.4,11.62,6,100,25,,,,
2/20/2020,winter,February,GG,C,1,8.2,8.61,26.15,62.4,11.62,1,1,0,3.833333333,,,
2/20/2020,winter,February,GG,C,1,8.2,8.61,26.15,62.4,11.62,2,20,6,,,,
2/20/2020,winter,February,GG,C,1,8.2,8.61,26.15,62.4,11.62,3,40,5,,,,
2/20/2020,winter,February,GG,C,1,8.2,8.61,26.15,62.4,11.62,4,60,1,,,,
2/20/2020,winter,February,GG,C,1,8.2,8.61,26.15,62.4,11.62,5,80,2,,,,
2/20/2020,winter,February,GG,C,1,8.2,8.61,26.15,62.4,11.62,6,100,9,,,,
2/20/2020,winter,February,GG,D,1,8,8.69,23.55,18.8,9.95,1,1,6,9.666666667,,,
2/20/2020,winter,February,GG,D,0,8,8.69,23.55,18.8,9.95,2,20,4,,,,
2/20/2020,winter,February,GG,D,0,8,8.69,23.55,18.8,9.95,3,40,3,,,,
2/20/2020,winter,February,GG,D,0,8,8.69,23.55,18.8,9.95,4,60,2,,,,
2/20/2020,winter,February,GG,D,0,8,8.69,23.55,18.8,9.95,5,80,1,,,,
2/20/2020,winter,February,GG,D,0,8,8.69,23.55,18.8,9.95,6,100,42,,,,
2/20/2020,winter,February,GG,E,0,8,8.69,23.55,18.8,9.95,1,1,23,7.166666667,,,
2/20/2020,winter,February,GG,E,0,8,8.69,23.55,18.8,9.95,2,20,7,,,,
2/20/2020,winter,February,GG,E,0,8,8.69,23.55,18.8,9.95,3,40,3,,,,
2/20/2020,winter,February,GG,E,0,8,8.69,23.55,18.8,9.95,4,60,2,,,,
2/20/2020,winter,February,GG,E,0,8,8.69,23.55,18.8,9.95,5,80,6,,,,
2/20/2020,winter,February,GG,E,0,8,8.69,23.55,18.8,9.95,6,100,2,,,,
2/20/2020,winter,February,GG,F,0,8,8.69,23.55,18.8,9.95,1,1,43,8.833333333,,,
2/20/2020,winter,February,GG,F,0,8,8.69,23.55,18.8,9.95,2,20,2,,,,
2/20/2020,winter,February,GG,F,0,8,8.69,23.55,18.8,9.95,3,40,4,,,,
2/20/2020,winter,February,GG,F,0,8,8.69,23.55,18.8,9.95,4,60,2,,,,
2/20/2020,winter,February,GG,F,0,8,8.69,23.55,18.8,9.95,5,80,1,,,,
2/20/2020,winter,February,GG,F,0,8,8.69,23.55,18.8,9.95,6,100,1,,,,
3/17/2020,spring,March,Alki,A,1,7.9,9.04,31,31.6,11.33,1,1,10,4.333333333,,,
3/17/2020,spring,March,Alki,A,1,7.9,9.04,31,31.6,11.33,2,20,0,,,,
3/17/2020,spring,March,Alki,A,1,7.9,9.04,31,31.6,11.33,3,40,5,,,,
3/17/2020,spring,March,Alki,A,1,7.9,9.04,31,31.6,11.33,4,60,10,,,,
3/17/2020,spring,March,Alki,A,1,7.9,9.04,31,31.6,11.33,5,80,1,,,,
3/17/2020,spring,March,Alki,A,1,7.9,9.04,31,31.6,11.33,6,100,0,,,,
3/17/2020,spring,March,Alki,B,1,7.9,9.05,31.01,19.58,9.75,1,1,18,3.833333333,,,
3/17/2020,spring,March,Alki,B,1,7.9,9.05,31.01,19.58,9.75,2,20,0,,,,
3/17/2020,spring,March,Alki,B,1,7.9,9.05,31.01,19.58,9.75,3,40,0,,,,
3/17/2020,spring,March,Alki,B,1,7.9,9.05,31.01,19.58,9.75,4,60,0,,,,
3/17/2020,spring,March,Alki,B,1,7.9,9.05,31.01,19.58,9.75,5,80,0,,,,
3/17/2020,spring,March,Alki,B,1,7.9,9.05,31.01,19.58,9.75,6,100,5,,,,
3/17/2020,spring,March,Alki,C,1,7.9,9.02,31.02,10.57,9.35,1,1,7,5.833333333,,,
3/17/2020,spring,March,Alki,C,1,7.9,9.02,31.02,10.57,9.35,2,20,2,,,,
3/17/2020,spring,March,Alki,C,1,7.9,9.02,31.02,10.57,9.35,3,40,1,,,,
3/17/2020,spring,March,Alki,C,1,7.9,9.02,31.02,10.57,9.35,4,60,0,,,,
3/17/2020,spring,March,Alki,C,1,7.9,9.02,31.02,10.57,9.35,5,80,22,,,,
3/17/2020,spring,March,Alki,C,1,7.9,9.02,31.02,10.57,9.35,6,100,3,,,,
3/17/2020,spring,March,Alki,D,1,8,9,31.07,11.75,9.21,1,1,1,1.5,,,
3/17/2020,spring,March,Alki,D,0,8,9,31.07,11.75,9.21,2,20,1,,,,
3/17/2020,spring,March,Alki,D,0,8,9,31.07,11.75,9.21,3,40,0,,,,
3/17/2020,spring,March,Alki,D,0,8,9,31.07,11.75,9.21,4,60,2,,,,
3/17/2020,spring,March,Alki,D,0,8,9,31.07,11.75,9.21,5,80,5,,,,
3/17/2020,spring,March,Alki,D,0,8,9,31.07,11.75,9.21,6,100,0,,,,
3/17/2020,spring,March,Alki,E,0,8.1,8.95,31.06,9.45,9.09,1,1,1,7.333333333,,,
3/17/2020,spring,March,Alki,E,0,8.1,8.95,31.06,9.45,9.09,2,20,5,,,,
3/17/2020,spring,March,Alki,E,0,8.1,8.95,31.06,9.45,9.09,3,40,15,,,,
3/17/2020,spring,March,Alki,E,0,8.1,8.95,31.06,9.45,9.09,4,60,1,,,,
3/17/2020,spring,March,Alki,E,0,8.1,8.95,31.06,9.45,9.09,5,80,0,,,,
3/17/2020,spring,March,Alki,E,0,8.1,8.95,31.06,9.45,9.09,6,100,22,,,,
3/17/2020,spring,March,Alki,F,0,8.2,8.94,31.08,12.12,9.09,1,1,22,4.333333333,,,
3/17/2020,spring,March,Alki,F,0,8.2,8.94,31.08,12.12,9.09,2,20,0,,,,
3/17/2020,spring,March,Alki,F,0,8.2,8.94,31.08,12.12,9.09,3,40,0,,,,
3/17/2020,spring,March,Alki,F,0,8.1,8.91,31.05,11.39,9.06,4,60,3,,,,
3/17/2020,spring,March,Alki,F,0,8.1,8.91,31.05,11.39,9.06,5,80,0,,,,
3/17/2020,spring,March,Alki,F,0,8.1,8.91,31.05,11.39,9.06,6,100,1,,,,
3/17/2020,spring,March,smithcove,A,1,7.4,8.77,25.33,14.75,11.12,1,1,6,8.833333333,,,
3/17/2020,spring,March,smithcove,A,1,7.4,8.77,25.33,14.75,11.12,2,20,10,,,,
3/17/2020,spring,March,smithcove,A,1,7.4,8.77,25.33,14.75,11.12,3,40,3,,,,
3/17/2020,spring,March,smithcove,A,1,7.4,8.77,25.33,14.75,11.12,4,60,16,,,,
3/17/2020,spring,March,smithcove,A,1,7.4,8.77,25.33,14.75,11.12,5,80,8,,,,
3/17/2020,spring,March,smithcove,A,1,7.4,8.77,25.33,14.75,11.12,6,100,10,,,,
3/17/2020,spring,March,smithcove,B,1,7,8.81,26.63,12.52,9.63,1,1,21,14.66666667,,,
3/17/2020,spring,March,smithcove,B,1,7,8.81,26.63,12.52,9.63,2,20,8,,,,
3/17/2020,spring,March,smithcove,B,1,7,8.81,26.63,12.52,9.63,3,40,2,,,,
3/17/2020,spring,March,smithcove,B,1,7,8.81,26.63,12.52,9.63,4,60,15,,,,
3/17/2020,spring,March,smithcove,B,1,7,8.81,26.63,12.52,9.63,5,80,17,,,,
3/17/2020,spring,March,smithcove,B,1,7,8.81,26.63,12.52,9.63,6,100,25,,,,
3/17/2020,spring,March,smithcove,C,1,6.8,8.82,26.04,13,9.94,1,1,2,14.83333333,,,
3/17/2020,spring,March,smithcove,C,1,6.8,8.82,26.04,13,9.94,2,20,12,,,,
3/17/2020,spring,March,smithcove,C,1,6.8,8.82,26.04,13,9.94,3,40,9,,,,
3/17/2020,spring,March,smithcove,C,1,6.8,8.82,26.04,13,9.94,4,60,32,,,,
3/17/2020,spring,March,smithcove,C,1,6.8,8.82,26.04,13,9.94,5,80,19,,,,
3/17/2020,spring,March,smithcove,C,1,6.8,8.82,26.04,13,9.94,6,100,15,,,,
3/17/2020,spring,March,smithcove,D,1,7.2,8.81,25.9,13.9,9.33,1,1,17,17.83333333,,,
3/17/2020,spring,March,smithcove,D,0,7.2,8.81,25.9,13.9,9.33,2,20,40,,,,
3/17/2020,spring,March,smithcove,D,0,7.2,8.81,25.9,13.9,9.33,3,40,35,,,,
3/17/2020,spring,March,smithcove,D,0,7.2,8.81,25.9,13.9,9.33,4,60,10,,,,
3/17/2020,spring,March,smithcove,D,0,7.2,8.81,25.9,13.9,9.33,5,80,2,,,,
3/17/2020,spring,March,smithcove,D,0,7.2,8.81,25.9,13.9,9.33,6,100,3,,,,
3/17/2020,spring,March,smithcove,E,0,7.2,8.78,26.63,13.53,9.35,1,1,9,9.5,,,
3/17/2020,spring,March,smithcove,E,0,7.2,8.78,26.63,13.53,9.35,2,20,12,,,,
3/17/2020,spring,March,smithcove,E,0,7.2,8.78,26.63,13.53,9.35,3,40,25,,,,
3/17/2020,spring,March,smithcove,E,0,7.2,8.78,26.63,13.53,9.35,4,60,4,,,,
3/17/2020,spring,March,smithcove,E,0,7.2,8.78,26.63,13.53,9.35,5,80,7,,,,
3/17/2020,spring,March,smithcove,E,0,7.2,8.78,26.63,13.53,9.35,6,100,0,,,,
3/17/2020,spring,March,smithcove,F,0,7.6,8.77,26.75,16.85,9.48,1,1,32,19.33333333,,,
3/17/2020,spring,March,smithcove,F,0,7.6,8.77,26.75,16.85,9.48,2,20,31,,,,
3/17/2020,spring,March,smithcove,F,0,7.6,8.77,26.75,16.85,9.48,3,40,2,,,,
3/17/2020,spring,March,smithcove,F,0,7.6,8.77,26.75,16.85,9.48,4,60,4,,,,
3/17/2020,spring,March,smithcove,F,0,7.6,8.77,26.75,16.85,9.48,5,80,2,,,,
3/17/2020,spring,March,smithcove,F,0,7.6,8.77,26.75,16.85,9.48,6,100,45,,,,
3/19/2020,spring,March,GG,A,1,8.4,8.48,26.51,43.9,12.66,1,1,77,67,,,
3/19/2020,spring,March,GG,A,1,8.4,8.48,26.51,43.9,12.66,2,20,147,,,,
3/19/2020,spring,March,GG,A,1,8.4,8.48,26.51,43.9,12.66,3,40,88,,,,
3/19/2020,spring,March,GG,A,1,8.4,8.48,26.51,43.9,12.66,4,60,9,,,,
3/19/2020,spring,March,GG,A,1,8.4,8.48,26.51,43.9,12.66,5,80,6,,,,
3/19/2020,spring,March,GG,A,1,8.4,8.48,26.51,43.9,12.66,6,100,75,,,,
3/19/2020,spring,March,GG,B,1,8,8.74,25.96,11.48,10.26,1,1,87,62.16666667,,,
3/19/2020,spring,March,GG,B,1,8,8.74,25.96,11.48,10.26,2,20,23,,,,
3/19/2020,spring,March,GG,B,1,8,8.74,25.96,11.48,10.26,3,40,42,,,,
3/19/2020,spring,March,GG,B,1,8,8.74,25.96,11.48,10.26,4,60,87,,,,
3/19/2020,spring,March,GG,B,1,8,8.74,25.96,11.48,10.26,5,80,25,,,,
3/19/2020,spring,March,GG,B,1,8,8.74,25.96,11.48,10.26,6,100,109,,,,
3/19/2020,spring,March,GG,C,1,8.2,8.65,25.62,12.34,10.27,1,1,93,64.16666667,,,
3/19/2020,spring,March,GG,C,1,8.2,8.65,25.62,12.34,10.27,2,20,17,,,,
3/19/2020,spring,March,GG,C,1,8.2,8.65,25.62,12.34,10.27,3,40,39,,,,
3/19/2020,spring,March,GG,C,1,8.2,8.65,25.62,12.34,10.27,4,60,34,,,,
3/19/2020,spring,March,GG,C,1,8.2,8.65,25.62,12.34,10.27,5,80,32,,,,
3/19/2020,spring,March,GG,C,1,8.2,8.65,25.62,12.34,10.27,6,100,170,,,,
3/19/2020,spring,March,GG,D,1,8.2,8.74,26.45,10.72,9.91,1,1,100,53.83333333,,,
3/19/2020,spring,March,GG,D,0,8.2,8.74,26.45,10.72,9.91,2,20,27,,,,
3/19/2020,spring,March,GG,D,0,8.2,8.74,26.45,10.72,9.91,3,40,35,,,,
3/19/2020,spring,March,GG,D,0,8.2,8.74,26.45,10.72,9.91,4,60,46,,,,
3/19/2020,spring,March,GG,D,0,8.2,8.74,26.45,10.72,9.91,5,80,50,,,,
3/19/2020,spring,March,GG,D,0,8.2,8.74,26.45,10.72,9.91,6,100,65,,,,
3/19/2020,spring,March,GG,E,0,8.2,8.71,25.51,14.62,10.12,1,1,106,34.66666667,,,
3/19/2020,spring,March,GG,E,0,8.2,8.71,25.51,14.62,10.12,2,20,30,,,,
3/19/2020,spring,March,GG,E,0,8.2,8.71,25.51,14.62,10.12,3,40,21,,,,
3/19/2020,spring,March,GG,E,0,8.2,8.71,25.51,14.62,10.12,4,60,8,,,,
3/19/2020,spring,March,GG,E,0,8.2,8.71,25.51,14.62,10.12,5,80,3,,,,
3/19/2020,spring,March,GG,E,0,8.2,8.71,25.51,14.62,10.12,6,100,40,,,,
3/19/2020,spring,March,GG,F,0,8.4,8.67,26.9,42.41,10.11,1,1,73,51.16666667,,,
3/19/2020,spring,March,GG,F,0,8.4,8.67,26.9,42.41,10.11,2,20,9,,,,
3/19/2020,spring,March,GG,F,0,8.4,8.67,26.9,42.41,10.11,3,40,43,,,,
3/19/2020,spring,March,GG,F,0,8.4,8.67,26.9,42.41,10.11,4,60,75,,,,
3/19/2020,spring,March,GG,F,0,8.4,8.67,26.9,42.41,10.11,5,80,45,,,,
3/19/2020,spring,March,GG,F,0,8.4,8.67,26.9,42.41,10.11,6,100,62,,,,
6/29/2020,summer,June,Alki,A,1,12.7,8.56,32.4,6.8,8.62,1,1,10,2,Need to get ocean data bc YSI battery died ,,
6/29/2020,summer,June,Alki,A,1,12.7,8.56,32.4,8.44,8.62,2,20,0,,,,
6/29/2020,summer,June,Alki,A,1,12.7,8.56,32.4,10.43,8.62,3,40,0,,,,
6/29/2020,summer,June,Alki,A,1,12.7,8.56,32.4,10.43,8.62,4,60,1,,,,
6/29/2020,summer,June,Alki,A,1,12.7,8.56,32.4,6.27,8.62,5,80,0,,,,
6/29/2020,summer,June,Alki,A,1,12.7,8.56,32.4,5.37,8.62,6,100,1,,,,
6/29/2020,summer,June,Alki,B,1,12.7,8.56,32.4,6.8,8.62,1,1,5,1.333333333,,,
6/29/2020,summer,June,Alki,B,1,12.7,8.56,32.4,8.44,8.62,2,20,2,,,,
6/29/2020,summer,June,Alki,B,1,12.7,8.56,32.4,10.43,8.62,3,40,1,,,,
6/29/2020,summer,June,Alki,B,1,12.7,8.56,32.4,10.43,8.62,4,60,0,,,,
6/29/2020,summer,June,Alki,B,1,12.7,8.56,32.4,6.27,8.62,5,80,0,,,,
6/29/2020,summer,June,Alki,B,1,12.7,8.56,32.4,5.37,8.62,6,100,0,,,,
6/29/2020,summer,June,Alki,C,1,12.7,8.56,32.4,6.8,8.62,1,1,4,0.6666666667,,,
6/29/2020,summer,June,Alki,C,1,12.7,8.56,32.4,8.44,8.62,2,20,0,,,,
6/29/2020,summer,June,Alki,C,1,12.7,8.56,32.4,10.43,8.62,3,40,0,,,,
6/29/2020,summer,June,Alki,C,1,12.7,8.56,32.4,10.43,8.62,4,60,0,,,,
6/29/2020,summer,June,Alki,C,1,12.7,8.56,32.4,6.27,8.62,5,80,0,,,,
6/29/2020,summer,June,Alki,C,1,12.7,8.56,32.4,5.37,8.62,6,100,0,,,,
6/29/2020,summer,June,Alki,D,1,12.7,8.56,32.4,5.07,8.62,1,1,2,0.5,,,
6/29/2020,summer,June,Alki,D,0,12.7,8.56,32.4,5.71,8.62,2,20,0,,,,
6/29/2020,summer,June,Alki,D,0,12.7,8.56,32.4,5.68,8.62,3,40,1,,,,
6/29/2020,summer,June,Alki,D,0,12.7,8.56,32.4,6.78,8.62,4,60,0,,,,
6/29/2020,summer,June,Alki,D,0,12.7,8.56,32.4,8.45,8.62,5,80,0,,,,
6/29/2020,summer,June,Alki,D,0,12.7,8.56,32.4,14.07,8.62,6,100,0,,,,
6/29/2020,summer,June,Alki,E,0,12.7,8.56,32.4,5.07,8.62,1,1,1,0.3333333333,,,
6/29/2020,summer,June,Alki,E,0,12.7,8.56,32.4,5.71,8.62,2,20,1,,,,
6/29/2020,summer,June,Alki,E,0,12.7,8.56,32.4,5.68,8.62,3,40,0,,,,
6/29/2020,summer,June,Alki,E,0,12.7,8.56,32.4,6.78,8.62,4,60,0,,,,
6/29/2020,summer,June,Alki,E,0,12.7,8.56,32.4,8.45,8.62,5,80,0,,,,
6/29/2020,summer,June,Alki,E,0,12.7,8.56,32.4,14.07,8.62,6,100,0,,,,
6/29/2020,summer,June,Alki,F,0,12.7,8.56,32.4,5.07,8.62,1,1,3,4.833333333,,,
6/29/2020,summer,June,Alki,F,0,12.7,8.56,32.4,5.71,8.62,2,20,0,,,,
6/29/2020,summer,June,Alki,F,0,12.7,8.56,32.4,5.68,8.62,3,40,6,,,,
6/29/2020,summer,June,Alki,F,0,12.7,8.56,32.4,6.78,8.62,4,60,0,,,,
6/29/2020,summer,June,Alki,F,0,12.7,8.56,32.4,8.45,8.62,5,80,8,,,,
6/29/2020,summer,June,Alki,F,0,12.7,8.56,32.4,14.07,8.62,6,100,12,,,,
6/29/2020,summer,June,smithcove,A,1,11.9,8.43,31.9,24.04,8.57,1,1,12,4.166666667,sun came out,,
6/29/2020,summer,June,smithcove,A,1,11.9,8.43,31.9,29.05,8.57,2,20,2,,,,
6/29/2020,summer,June,smithcove,A,1,11.9,8.43,31.9,32.72,8.57,3,40,4,,,,
6/29/2020,summer,June,smithcove,A,1,11.9,8.43,31.9,28.01,8.57,4,60,3,,,,
6/29/2020,summer,June,smithcove,A,1,11.9,8.43,31.9,19.35,8.57,5,80,2,,,,
6/29/2020,summer,June,smithcove,A,1,11.9,8.43,31.9,18.16,8.57,6,100,2,,,,
6/29/2020,summer,June,smithcove,B,1,11.9,8.43,31.9,24.04,8.57,1,1,12,5.5,,,
6/29/2020,summer,June,smithcove,B,1,11.9,8.43,31.9,29.05,8.57,2,20,5,,,,
6/29/2020,summer,June,smithcove,B,1,11.9,8.43,31.9,32.72,8.57,3,40,2,,,,
6/29/2020,summer,June,smithcove,B,1,11.9,8.43,31.9,28.01,8.57,4,60,,,,,
6/29/2020,summer,June,smithcove,B,1,11.9,8.43,31.9,19.35,8.57,5,80,,,,,
6/29/2020,summer,June,smithcove,B,1,11.9,8.43,31.9,18.16,8.57,6,100,3,,,,
6/29/2020,summer,June,smithcove,C,1,11.9,8.43,31.9,24.04,8.57,1,1,,4,,,
6/29/2020,summer,June,smithcove,C,1,11.9,8.43,31.9,29.05,8.57,2,20,,,,,
6/29/2020,summer,June,smithcove,C,1,11.9,8.43,31.9,32.72,8.57,3,40,5,,,,
6/29/2020,summer,June,smithcove,C,1,11.9,8.43,31.9,28.01,8.57,4,60,4,,,,
6/29/2020,summer,June,smithcove,C,1,11.9,8.43,31.9,19.35,8.57,5,80,3,,,,
6/29/2020,summer,June,smithcove,C,1,11.9,8.43,31.9,18.16,8.57,6,100,,,,,
6/29/2020,summer,June,smithcove,D,1,11.9,8.43,31.9,13.1,8.57,1,1,18,5.5,,,
6/29/2020,summer,June,smithcove,D,0,11.9,8.43,31.9,17.02,8.57,2,20,5,,,,
6/29/2020,summer,June,smithcove,D,0,11.9,8.43,31.9,15.51,8.57,3,40,4,,,,
6/29/2020,summer,June,smithcove,D,0,11.9,8.43,31.9,26.96,8.57,4,60,1,,,,
6/29/2020,summer,June,smithcove,D,0,11.9,8.43,31.9,35.77,8.57,5,80,2,,,,
6/29/2020,summer,June,smithcove,D,0,11.9,8.43,31.9,27.69,8.57,6,100,3,,,,
6/29/2020,summer,June,smithcove,E,0,11.9,8.43,31.9,13.1,8.57,1,1,2,4.666666667,,,
6/29/2020,summer,June,smithcove,E,0,11.9,8.43,31.9,17.02,8.57,2,20,,,,,
6/29/2020,summer,June,smithcove,E,0,11.9,8.43,31.9,15.51,8.57,3,40,8,,,,
6/29/2020,summer,June,smithcove,E,0,11.9,8.43,31.9,26.96,8.57,4,60,,,,,
6/29/2020,summer,June,smithcove,E,0,11.9,8.43,31.9,35.77,8.57,5,80,4,,,,
6/29/2020,summer,June,smithcove,E,0,11.9,8.43,31.9,27.69,8.57,6,100,,,,,
6/29/2020,summer,June,smithcove,F,0,11.9,8.43,31.9,13.1,8.57,1,1,14,14,,,
6/29/2020,summer,June,smithcove,F,0,11.9,8.43,31.9,17.02,8.57,2,20,,,,,
6/29/2020,summer,June,smithcove,F,0,11.9,8.43,31.9,15.51,8.57,3,40,,,,,
6/29/2020,summer,June,smithcove,F,0,11.9,8.43,31.9,26.96,8.57,4,60,,,,,
6/29/2020,summer,June,smithcove,F,0,11.9,8.43,31.9,35.77,8.57,5,80,,,,,
6/29/2020,summer,June,smithcove,F,0,11.9,8.43,31.9,27.69,8.57,6,100,,,,,
7/9/2020,summer,July,GG,A,1,14.5,8.36,28.04,40.21,7.21,1,1,32,21.66666667,,,
7/9/2020,summer,July,GG,A,1,13.8,8.37,27.19,39.81,7,2,20,23,,,,
7/9/2020,summer,July,GG,A,1,13.8,8.37,28.62,23.3,6.99,3,40,19,,,,
7/9/2020,summer,July,GG,A,1,13.8,8.39,28.87,10.53,6.99,4,60,31,,,,
7/9/2020,summer,July,GG,A,1,13.8,8.4,28.71,6.73,7.01,5,80,10,,,,
7/9/2020,summer,July,GG,A,1,13.8,8.43,28.63,12.87,7.12,6,100,15,,,,
7/9/2020,summer,July,GG,B,1,14.5,8.36,28.04,40.21,7.21,1,1,24,20,,,
7/9/2020,summer,July,GG,B,1,13.8,8.37,27.19,39.81,7,2,20,18,,,,
7/9/2020,summer,July,GG,B,1,13.8,8.37,28.62,23.3,6.99,3,40,24,,,,
7/9/2020,summer,July,GG,B,1,13.8,8.39,28.87,10.53,6.99,4,60,25,,,,
7/9/2020,summer,July,GG,B,1,13.8,8.4,28.71,6.73,7.01,5,80,17,,,,
7/9/2020,summer,July,GG,B,1,13.8,8.43,28.63,12.87,7.12,6,100,12,,,,
7/9/2020,summer,July,GG,C,1,14.5,8.36,28.04,40.21,7.21,1,1,34,21.33333333,,,
7/9/2020,summer,July,GG,C,1,13.8,8.37,27.19,39.81,7,2,20,18,,,,
7/9/2020,summer,July,GG,C,1,13.8,8.37,28.62,23.3,6.99,3,40,23,,,,
7/9/2020,summer,July,GG,C,1,13.8,8.39,28.87,10.53,6.99,4,60,15,,,,
7/9/2020,summer,July,GG,C,1,13.8,8.4,28.71,6.73,7.01,5,80,21,,,,
7/9/2020,summer,July,GG,C,1,13.8,8.43,28.63,12.87,7.12,6,100,17,,,,
7/9/2020,summer,July,GG,D,1,13.8,8.46,28.46,47.59,9,1,1,49,33.5,,,
7/9/2020,summer,July,GG,D,0,13.8,8.46,24.46,47.59,7.42,2,20,75,,,,
7/9/2020,summer,July,GG,D,0,13.8,8.46,28.45,53.42,7.22,3,40,23,,,,
7/9/2020,summer,July,GG,D,0,13.8,8.45,28.55,54.4,7.15,4,60,22,,,,
7/9/2020,summer,July,GG,D,0,13.8,8.45,28.55,15.56,7.07,5,80,14,,,,
7/9/2020,summer,July,GG,D,0,13,8.44,28.88,16.18,7.07,6,100,18,,,,
7/9/2020,summer,July,GG,E,0,13.8,8.46,28.46,47.59,9,1,1,49,32.16666667,,,
7/9/2020,summer,July,GG,E,0,13.8,8.46,24.46,47.59,7.42,2,20,28,,,,
7/9/2020,summer,July,GG,E,0,13.8,8.46,28.45,53.42,7.22,3,40,24,,,,
7/9/2020,summer,July,GG,E,0,13.8,8.45,28.55,54.4,7.15,4,60,34,,,,
7/9/2020,summer,July,GG,E,0,13.8,8.45,28.55,15.56,7.07,5,80,24,,,,
7/9/2020,summer,July,GG,E,0,13,8.44,28.88,16.18,7.07,6,100,34,,,,
7/9/2020,summer,July,GG,F,0,13.8,8.46,28.46,47.59,9,1,1,42,36.66666667,,,
7/9/2020,summer,July,GG,F,0,13.8,8.46,24.46,47.59,7.42,2,20,71,,,,
7/9/2020,summer,July,GG,F,0,13.8,8.46,28.45,53.42,7.22,3,40,44,,,,
7/9/2020,summer,July,GG,F,0,13.8,8.45,28.55,54.4,7.15,4,60,24,,,,
7/9/2020,summer,July,GG,F,0,13.8,8.45,28.55,15.56,7.07,5,80,23,,,,
7/9/2020,summer,July,GG,F,0,13,8.44,28.88,16.18,7.07,6,100,16,,,,
8/21/2020,summer,August,GG,A,1,14.9,8.52,30.6,8.79,7.8,1,1,97,60,cloudy day,,
8/21/2020,summer,August,GG,A,1,15,8.53,29.5,11.6,7.69,2,20,75,,,,
8/21/2020,summer,August,GG,A,1,14.9,8.52,30.41,8.06,7.2,3,40,75,,,,
8/21/2020,summer,August,GG,A,1,14.5,8.5,31.12,4.3,7.08,4,60,51,,,,
8/21/2020,summer,August,GG,A,1,14.2,8.5,31.64,4.14,7.01,5,80,32,,,,
8/21/2020,summer,August,GG,A,1,14,8.48,32.21,4.69,6.8,6,100,30,,,,
8/21/2020,summer,August,GG,B,1,14.9,8.52,30.6,8.79,7.8,1,1,108,61.83333333,,,
8/21/2020,summer,August,GG,B,1,15,8.53,29.5,11.6,7.69,2,20,79,,,,
8/21/2020,summer,August,GG,B,1,14.9,8.52,30.41,8.06,7.2,3,40,52,,,,
8/21/2020,summer,August,GG,B,1,14.5,8.5,31.12,4.3,7.08,4,60,46,,,,
8/21/2020,summer,August,GG,B,1,14.2,8.5,31.64,4.14,7.01,5,80,74,,,,
8/21/2020,summer,August,GG,B,1,14,8.48,32.21,4.69,6.8,6,100,12,,,,
8/21/2020,summer,August,GG,C,1,14.9,8.52,30.6,8.79,7.8,1,1,145,69.16666667,,,
8/21/2020,summer,August,GG,C,1,15,8.53,29.5,11.6,7.69,2,20,72,,,,
8/21/2020,summer,August,GG,C,1,14.9,8.52,30.41,8.06,7.2,3,40,80,,,,
8/21/2020,summer,August,GG,C,1,14.5,8.5,31.12,4.3,7.08,4,60,58,,,,
8/21/2020,summer,August,GG,C,1,14.2,8.5,31.64,4.14,7.01,5,80,45,,,,
8/21/2020,summer,August,GG,C,1,14,8.48,32.21,4.69,6.8,6,100,15,,,,
8/21/2020,summer,August,GG,D,1,15.6,8.45,30.54,8.6,6.62,1,1,142,67,,,
8/21/2020,summer,August,GG,D,0,14.9,8.46,29.68,13.6,6.63,2,20,86,,,,
8/21/2020,summer,August,GG,D,0,14.8,8.46,30.64,9.84,6.77,3,40,45,,,,
8/21/2020,summer,August,GG,D,0,14.8,8.45,30.88,4.43,6.79,4,60,95,,,,
8/21/2020,summer,August,GG,D,0,14.2,8.44,32.61,5.31,6.79,5,80,25,,,,
8/21/2020,summer,August,GG,D,0,14,8.44,32.2,5.4,6.73,6,100,9,,,,
8/21/2020,summer,August,GG,E,0,15.6,8.45,30.54,8.6,6.62,1,1,152,68.66666667,,,
8/21/2020,summer,August,GG,E,0,14.9,8.46,29.68,13.6,6.63,2,20,133,,,,
8/21/2020,summer,August,GG,E,0,14.8,8.46,30.64,9.84,6.77,3,40,50,,,,
8/21/2020,summer,August,GG,E,0,14.8,8.45,30.88,4.43,6.79,4,60,48,,,,
8/21/2020,summer,August,GG,E,0,14.2,8.44,32.61,5.31,6.79,5,80,22,,,,
8/21/2020,summer,August,GG,E,0,14,8.44,32.2,5.4,6.73,6,100,7,,,,
8/21/2020,summer,August,GG,F,0,15.6,8.45,30.54,8.6,6.62,1,1,123,66.5,,,
8/21/2020,summer,August,GG,F,0,14.9,8.46,29.68,13.6,6.63,2,20,52,,,,
8/21/2020,summer,August,GG,F,0,14.8,8.46,30.64,9.84,6.77,3,40,85,,,,
8/21/2020,summer,August,GG,F,0,14.8,8.45,30.88,4.43,6.79,4,60,107,,marina boat traffic stream?,,
8/21/2020,summer,August,GG,F,0,14.2,8.44,32.61,5.31,6.79,5,80,21,,,,
8/21/2020,summer,August,GG,F,0,14,8.44,32.2,5.4,6.73,6,100,11,,,,
8/25/2020,summer,August,Alki,A,1,13.6,8.11,33.04,38.55,7.84,1,1,19,4.666666667,,,
8/25/2020,summer,August,Alki,A,1,13.7,8.1,33.03,22.68,7.57,2,20,5,,,,
8/25/2020,summer,August,Alki,A,1,13.6,8.08,33.07,22.62,7.09,3,40,0,,,,
8/25/2020,summer,August,Alki,A,1,13.6,8.07,33.07,21,6.95,4,60,1,,,,
8/25/2020,summer,August,Alki,A,1,14.1,8.07,33.08,23.65,6.87,5,80,0,,,,
8/25/2020,summer,August,Alki,A,1,14.5,8.06,33.08,10.65,6.56,6,100,3,,,,
8/25/2020,summer,August,Alki,B,1,13.6,8.11,33.04,38.55,7.84,1,1,8,6.166666667,,,
8/25/2020,summer,August,Alki,B,1,13.7,8.1,33.03,22.68,7.57,2,20,14,,,,
8/25/2020,summer,August,Alki,B,1,13.6,8.08,33.07,22.62,7.09,3,40,2,,,,
8/25/2020,summer,August,Alki,B,1,13.6,8.07,33.07,21,6.95,4,60,4,,,,
8/25/2020,summer,August,Alki,B,1,14.1,8.07,33.08,23.65,6.87,5,80,0,,,,
8/25/2020,summer,August,Alki,B,1,14.5,8.06,33.08,10.65,6.56,6,100,9,,,,
8/25/2020,summer,August,Alki,C,1,13.6,8.11,33.04,38.55,7.84,1,1,16,4.333333333,,,
8/25/2020,summer,August,Alki,C,1,13.7,8.1,33.03,22.68,7.57,2,20,2,,,,
8/25/2020,summer,August,Alki,C,1,13.6,8.08,33.07,22.62,7.09,3,40,7,,,,
8/25/2020,summer,August,Alki,C,1,13.6,8.07,33.07,21,6.95,4,60,1,,,,
8/25/2020,summer,August,Alki,C,1,14.1,8.07,33.08,23.65,6.87,5,80,0,,,,
8/25/2020,summer,August,Alki,C,1,14.5,8.06,33.08,10.65,6.56,6,100,0,,,,
8/25/2020,summer,August,Alki,D,1,13.8,8.06,25.13,33.66,7.13,1,1,4,3,,,
8/25/2020,summer,August,Alki,D,0,14.6,8.06,33.13,21.54,7.05,2,20,1,,,,
8/25/2020,summer,August,Alki,D,0,13.7,8.07,33.04,15.77,6.89,3,40,1,,,,
8/25/2020,summer,August,Alki,D,0,14.4,8.07,33.06,22.05,6.41,4,60,11,,sunny and clear!,,
8/25/2020,summer,August,Alki,D,0,14.1,8.08,33.08,22.71,6.44,5,80,0,,,,
8/25/2020,summer,August,Alki,D,0,13.9,8.05,33.05,13.38,6.48,6,100,1,,,,
8/25/2020,summer,August,Alki,E,0,13.8,8.06,25.13,33.66,7.13,1,1,3,2.333333333,,,
8/25/2020,summer,August,Alki,E,0,14.6,8.06,33.13,21.54,7.05,2,20,1,,,,
8/25/2020,summer,August,Alki,E,0,13.7,8.07,33.04,15.77,6.89,3,40,7,,,,
8/25/2020,summer,August,Alki,E,0,14.4,8.07,33.06,22.05,6.41,4,60,0,,,,
8/25/2020,summer,August,Alki,E,0,14.1,8.08,33.08,22.71,6.44,5,80,2,,,,
8/25/2020,summer,August,Alki,E,0,13.9,8.05,33.05,13.38,6.48,6,100,1,,,,
8/25/2020,summer,August,Alki,F,0,13.8,8.06,25.13,33.66,7.13,1,1,10,12.16666667,,,
8/25/2020,summer,August,Alki,F,0,14.6,8.06,33.13,21.54,7.05,2,20,1,,,,
8/25/2020,summer,August,Alki,F,0,13.7,8.07,33.04,15.77,6.89,3,40,0,,,,
8/25/2020,summer,August,Alki,F,0,14.4,8.07,33.06,22.05,6.41,4,60,10,,,,
8/25/2020,summer,August,Alki,F,0,14.1,8.08,33.08,22.71,6.44,5,80,46,,,,
8/25/2020,summer,August,Alki,F,0,13.9,8.05,33.05,13.38,6.48,6,100,6,,,,
8/25/2020,summer,August,smithcove,A,1,13.7,8.22,32.56,23.6,8.42,1,1,27,12.33333333,,,
8/25/2020,summer,August,smithcove,A,1,13.8,8.2,32.47,16.85,8.25,2,20,15,,,,
8/25/2020,summer,August,smithcove,A,1,13.6,8.14,32.47,14.86,7.1,3,40,21,,,,
8/25/2020,summer,August,smithcove,A,1,13.6,8.13,32.54,12.48,6.92,4,60,0,,,,
8/25/2020,summer,August,smithcove,A,1,13.8,8.1,32.59,12.66,6.98,5,80,2,,,,
8/25/2020,summer,August,smithcove,A,1,13.6,8.1,32.55,14.28,6.54,6,100,9,,,,
8/25/2020,summer,August,smithcove,B,1,13.7,8.22,32.56,23.6,8.42,1,1,10,13.5,,,
8/25/2020,summer,August,smithcove,B,1,13.8,8.2,32.47,16.85,8.25,2,20,30,,,,
8/25/2020,summer,August,smithcove,B,1,13.6,8.14,32.47,14.86,7.1,3,40,17,,,,
8/25/2020,summer,August,smithcove,B,1,13.6,8.13,32.54,12.48,6.92,4,60,18,,,,
8/25/2020,summer,August,smithcove,B,1,13.8,8.1,32.59,12.66,6.98,5,80,6,,,,
8/25/2020,summer,August,smithcove,B,1,13.6,8.1,32.55,14.28,6.54,6,100,0,,,,
8/25/2020,summer,August,smithcove,C,1,13.7,8.22,32.56,23.6,8.42,1,1,37,13.83333333,,,
8/25/2020,summer,August,smithcove,C,1,13.8,8.2,32.47,16.85,8.25,2,20,9,,,,
8/25/2020,summer,August,smithcove,C,1,13.6,8.14,32.47,14.86,7.1,3,40,12,,,,
8/25/2020,summer,August,smithcove,C,1,13.6,8.13,32.54,12.48,6.92,4,60,23,,,,
8/25/2020,summer,August,smithcove,C,1,13.8,8.1,32.59,12.66,6.98,5,80,2,,,,
8/25/2020,summer,August,smithcove,C,1,13.6,8.1,32.55,14.28,6.54,6,100,0,,,,
8/25/2020,summer,August,smithcove,D,1,14.2,8.05,32.54,8.44,7.38,1,1,39,18.33333333,,,
8/25/2020,summer,August,smithcove,D,0,13.8,8.05,32.51,25.22,6.2,2,20,8,,,,
8/25/2020,summer,August,smithcove,D,0,13.8,8.07,32.53,16.41,6.74,3,40,0,,,,
8/25/2020,summer,August,smithcove,D,0,14,8.07,32.49,12.2,6.49,4,60,22,,,,
8/25/2020,summer,August,smithcove,D,0,13.8,8.1,32.59,10.62,7.06,5,80,40,,,,
8/25/2020,summer,August,smithcove,D,0,13.9,8.08,32.55,11.62,7.08,6,100,1,,,,
8/25/2020,summer,August,smithcove,E,0,14.2,8.05,32.54,8.44,7.38,1,1,1,2.166666667,,,
8/25/2020,summer,August,smithcove,E,0,13.8,8.05,32.51,25.22,6.2,2,20,3,,,,
8/25/2020,summer,August,smithcove,E,0,13.8,8.07,32.53,16.41,6.74,3,40,0,,,,
8/25/2020,summer,August,smithcove,E,0,14,8.07,32.49,12.2,6.49,4,60,0,,,,
8/25/2020,summer,August,smithcove,E,0,13.8,8.1,32.59,10.62,7.06,5,80,7,,,,
8/25/2020,summer,August,smithcove,E,0,13.9,8.08,32.55,11.62,7.08,6,100,2,,,,
8/25/2020,summer,August,smithcove,F,0,14.2,8.05,32.54,8.44,7.38,1,1,2,7.666666667,,,
8/25/2020,summer,August,smithcove,F,0,13.8,8.05,32.51,25.22,6.2,2,20,16,,sunny and clear!,,
8/25/2020,summer,August,smithcove,F,0,13.8,8.07,32.53,16.41,6.74,3,40,0,,,,
8/25/2020,summer,August,smithcove,F,0,14,8.07,32.49,12.2,6.49,4,60,0,,,,
8/25/2020,summer,August,smithcove,F,0,13.8,8.1,32.59,10.62,7.06,5,80,28,,,,
8/25/2020,summer,August,smithcove,F,0,13.9,8.08,32.55,11.62,7.08,6,100,0,,,,
10/16/2020,fall,October,GG,A,1,12.7,8.48,31.29,0.67,7.39,1,1,122,100.3333333,,,
10/16/2020,fall,October,GG,A,1,12.7,8.43,31.76,1.17,6.27,2,20,108,,,,
10/16/2020,fall,October,GG,A,1,12.6,8.41,32.26,1.07,6.19,3,40,145,,,,
10/16/2020,fall,October,GG,A,1,12.6,8.38,33.11,0.75,5.74,4,60,52,,,,
10/16/2020,fall,October,GG,A,1,12.6,8.36,33.23,0.72,5.69,5,80,135,,,,
10/16/2020,fall,October,GG,A,1,12.6,8.33,33.23,1.22,5.6,6,100,40,,,,
10/16/2020,fall,October,GG,B,1,12.7,8.48,31.29,0.67,7.39,1,1,80,126.5,,,
10/16/2020,fall,October,GG,B,1,12.7,8.43,31.76,1.17,6.27,2,20,204,,,,
10/16/2020,fall,October,GG,B,1,12.6,8.41,32.26,1.07,6.19,3,40,80,,,,
10/16/2020,fall,October,GG,B,1,12.6,8.38,33.11,0.75,5.74,4,60,60,,,,
10/16/2020,fall,October,GG,B,1,12.6,8.36,33.23,0.72,5.69,5,80,26,,,,
10/16/2020,fall,October,GG,B,1,12.6,8.33,33.23,1.22,5.6,6,100,309,,,,
10/16/2020,fall,October,GG,C,1,12.7,8.48,31.29,0.67,7.39,1,1,35,134.6666667,,,
10/16/2020,fall,October,GG,C,1,12.7,8.43,31.76,1.17,6.27,2,20,521,,,,
10/16/2020,fall,October,GG,C,1,12.6,8.41,32.26,1.07,6.19,3,40,27,,,,
10/16/2020,fall,October,GG,C,1,12.6,8.38,33.11,0.75,5.74,4,60,23,,,,
10/16/2020,fall,October,GG,C,1,12.6,8.36,33.23,0.72,5.69,5,80,96,,,,
10/16/2020,fall,October,GG,C,1,12.6,8.33,33.23,1.22,5.6,6,100,106,,,,
10/16/2020,fall,October,GG,D,0,12.7,8.28,32.34,1.5,5.88,1,1,77,42.66666667,,,
10/16/2020,fall,October,GG,D,0,12.6,8.29,32.71,1.47,5.67,2,20,58,,,,
10/16/2020,fall,October,GG,D,0,12.6,8.29,32.21,1.59,5.5,3,40,25,,,,
10/16/2020,fall,October,GG,D,0,12.6,8.3,33.29,1.45,5.53,4,60,10,,,,
10/16/2020,fall,October,GG,D,0,12.6,8.31,33.22,1.01,5.6,5,80,74,,,,
10/16/2020,fall,October,GG,D,0,12.6,8.32,33.2,0.71,5.69,6,100,12,,,,
10/16/2020,fall,October,GG,E,0,12.7,8.28,32.34,1.5,5.88,1,1,184,90.16666667,,,
10/16/2020,fall,October,GG,E,0,12.6,8.29,32.71,1.47,5.67,2,20,15,,,,
10/16/2020,fall,October,GG,E,0,12.6,8.29,32.21,1.59,5.5,3,40,59,,,,
10/16/2020,fall,October,GG,E,0,12.6,8.3,33.29,1.45,5.53,4,60,82,,,,
10/16/2020,fall,October,GG,E,0,12.6,8.31,33.22,1.01,5.6,5,80,182,,,,
10/16/2020,fall,October,GG,E,0,12.6,8.32,33.2,0.71,5.69,6,100,19,,,,
10/16/2020,fall,October,GG,F,0,12.7,8.28,32.34,1.5,5.88,1,1,36,45,,,
10/16/2020,fall,October,GG,F,0,12.6,8.29,32.71,1.47,5.67,2,20,12,,,,
10/16/2020,fall,October,GG,F,0,12.6,8.29,32.21,1.59,5.5,3,40,41,,,,
10/16/2020,fall,October,GG,F,0,12.6,8.3,33.29,1.45,5.53,4,60,47,,,,
10/16/2020,fall,October,GG,F,0,12.6,8.31,33.22,1.01,5.6,5,80,119,,,,
10/16/2020,fall,October,GG,F,0,12.6,8.32,33.2,0.71,5.69,6,100,15,,,,
10/18/2020,fall,October,smithcove,A,1,12.8,8.39,31.24,5.08,8.11,1,1,17,150.5,,,
10/18/2020,fall,October,smithcove,A,1,12.5,8.35,31.4,3.5,6.75,2,20,24,,,,
10/18/2020,fall,October,smithcove,A,1,12.6,8.32,31.42,4.31,6.61,3,40,75,,,,
10/18/2020,fall,October,smithcove,A,1,12.6,8.3,31.44,3.59,6.45,4,60,183,,,,
10/18/2020,fall,October,smithcove,A,1,12.6,8.28,31.44,2.5,6.39,5,80,250,,,,
10/18/2020,fall,October,smithcove,A,1,12.6,8.25,31.44,1.76,6.25,6,100,354,,,,
10/18/2020,fall,October,smithcove,B,1,12.8,8.39,31.24,5.08,8.11,1,1,22,141.1666667,,,
10/18/2020,fall,October,smithcove,B,1,12.5,8.35,31.4,3.5,6.75,2,20,213,,,,
10/18/2020,fall,October,smithcove,B,1,12.6,8.32,31.42,4.31,6.61,3,40,104,,,,
10/18/2020,fall,October,smithcove,B,1,12.6,8.3,31.44,3.59,6.45,4,60,150,,,,
10/18/2020,fall,October,smithcove,B,1,12.6,8.28,31.44,2.5,6.39,5,80,202,,,,
10/18/2020,fall,October,smithcove,B,1,12.6,8.25,31.44,1.76,6.25,6,100,156,,,,
10/18/2020,fall,October,smithcove,C,1,12.8,8.39,31.24,5.08,8.11,1,1,34,49.33333333,,,
10/18/2020,fall,October,smithcove,C,1,12.5,8.35,31.4,3.5,6.75,2,20,0,,,,
10/18/2020,fall,October,smithcove,C,1,12.6,8.32,31.42,4.31,6.61,3,40,132,,,,
10/18/2020,fall,October,smithcove,C,1,12.6,8.3,31.44,3.59,6.45,4,60,58,,,,
10/18/2020,fall,October,smithcove,C,1,12.6,8.28,31.44,2.5,6.39,5,80,18,,,,
10/18/2020,fall,October,smithcove,C,1,12.6,8.25,31.44,1.76,6.25,6,100,54,,,,
10/18/2020,fall,October,smithcove,D,0,12.9,8.21,31.28,4.58,6.87,1,1,67,91,,,
10/18/2020,fall,October,smithcove,D,0,12.7,8.21,31.39,3.9,6.34,2,20,67,,,,
10/18/2020,fall,October,smithcove,D,0,12.6,8.22,31.41,1.83,6.25,3,40,34,,,,
10/18/2020,fall,October,smithcove,D,0,12.6,8.22,31.44,1.82,6.22,4,60,110,,,,
10/18/2020,fall,October,smithcove,D,0,12.6,8.23,31.43,1.22,6.16,5,80,189,,,,
10/18/2020,fall,October,smithcove,D,0,12.6,8.24,31.44,1.21,6.29,6,100,79,,,,
10/18/2020,fall,October,smithcove,E,0,12.9,8.21,31.28,4.58,6.87,1,1,78,133.1666667,,,
10/18/2020,fall,October,smithcove,E,0,12.7,8.21,31.39,3.9,6.34,2,20,250,,,,
10/18/2020,fall,October,smithcove,E,0,12.6,8.22,31.41,1.83,6.25,3,40,33,,,,
10/18/2020,fall,October,smithcove,E,0,12.6,8.22,31.44,1.82,6.22,4,60,211,,,,
10/18/2020,fall,October,smithcove,E,0,12.6,8.23,31.43,1.22,6.16,5,80,67,,,,
10/18/2020,fall,October,smithcove,E,0,12.6,8.24,31.44,1.21,6.29,6,100,160,,,,
10/18/2020,fall,October,smithcove,F,0,12.9,8.21,31.28,4.58,6.87,1,1,187,148.3333333,,,
10/18/2020,fall,October,smithcove,F,0,12.7,8.21,31.39,3.9,6.34,2,20,141,,,,
10/18/2020,fall,October,smithcove,F,0,12.6,8.22,31.41,1.83,6.25,3,40,67,,,,
10/18/2020,fall,October,smithcove,F,0,12.6,8.22,31.44,1.82,6.22,4,60,252,,,,
10/18/2020,fall,October,smithcove,F,0,12.6,8.23,31.43,1.22,6.16,5,80,101,,,,
10/18/2020,fall,October,smithcove,F,0,12.6,8.24,31.44,1.21,6.29,6,100,142,,,,
11/15/2020,fall,Novermber ,Alki,A,1,11.3,8.12,31.78,6.54,6.98,1,1,21,,,,
11/15/2020,fall,Novermber ,Alki,A,1,11.3,8.12,31.78,6.54,6.98,2,20,31,,,,
11/15/2020,fall,Novermber ,Alki,A,1,11.3,8.12,31.78,6.54,6.98,3,40,12,,,,
11/15/2020,fall,Novermber ,Alki,A,1,11.3,8.12,31.78,6.54,6.98,4,60,23,,,,
11/15/2020,fall,Novermber ,Alki,A,1,11.3,8.12,31.78,6.54,6.98,5,80,2,,,,
11/15/2020,fall,Novermber ,Alki,A,1,11.3,8.12,31.78,6.54,6.98,6,100,1,,,,
11/15/2020,fall,Novermber ,Alki,B,1,11.3,8.12,31.78,6.54,6.98,1,1,29,,,,
11/15/2020,fall,Novermber ,Alki,B,1,11.3,8.12,31.78,6.54,6.98,2,20,67,,,,
11/15/2020,fall,Novermber ,Alki,B,1,11.3,8.12,31.78,6.54,6.98,3,40,6,,,,
11/15/2020,fall,Novermber ,Alki,B,1,11.3,8.12,31.78,6.54,6.98,4,60,0,,,,
11/15/2020,fall,Novermber ,Alki,B,1,11.3,8.12,31.78,6.54,6.98,5,80,3,,,,
11/15/2020,fall,Novermber ,Alki,B,1,11.3,8.12,31.78,6.54,6.98,6,100,6,,,,
11/15/2020,fall,Novermber ,Alki,C,1,11.3,8.12,31.78,6.54,6.98,1,1,33,,,,
11/15/2020,fall,Novermber ,Alki,C,1,11.3,8.12,31.78,6.54,6.98,2,20,130,,,,
11/15/2020,fall,Novermber ,Alki,C,1,11.3,8.12,31.78,6.54,6.98,3,40,0,,,,
11/15/2020,fall,Novermber ,Alki,C,1,11.3,8.12,31.78,6.54,6.98,4,60,2,,,,
11/15/2020,fall,Novermber ,Alki,C,1,11.3,8.12,31.78,6.54,6.98,5,80,0,,,,
11/15/2020,fall,Novermber ,Alki,C,1,11.3,8.12,31.78,6.54,6.98,6,100,2,,,,
11/15/2020,fall,Novermber ,Alki,D,0,11.3,8.12,31.78,6.54,6.98,1,1,17,,,,
11/15/2020,fall,Novermber ,Alki,D,0,11.3,8.12,31.78,6.54,6.98,2,20,8,,,,
11/15/2020,fall,Novermber ,Alki,D,0,11.3,8.12,31.78,6.54,6.98,3,40,3,,,,
11/15/2020,fall,Novermber ,Alki,D,0,11.3,8.12,31.78,6.54,6.98,4,60,10,,,,
11/15/2020,fall,Novermber ,Alki,D,0,11.3,8.12,31.78,6.54,6.98,5,80,17,,,,
11/15/2020,fall,Novermber ,Alki,D,0,11.3,8.12,31.78,6.54,6.98,6,100,0,,,,
11/15/2020,fall,Novermber ,Alki,E,0,11.3,8.12,31.78,6.54,6.98,1,1,7,,,,
11/15/2020,fall,Novermber ,Alki,E,0,11.3,8.12,31.78,6.54,6.98,2,20,4,,,,
11/15/2020,fall,Novermber ,Alki,E,0,11.3,8.12,31.78,6.54,6.98,3,40,35,,,,
11/15/2020,fall,Novermber ,Alki,E,0,11.3,8.12,31.78,6.54,6.98,4,60,2,,,,
11/15/2020,fall,Novermber ,Alki,E,0,11.3,8.12,31.78,6.54,6.98,5,80,0,,,,
11/15/2020,fall,Novermber ,Alki,E,0,11.3,8.12,31.78,6.54,6.98,6,100,1,,,,
11/15/2020,fall,Novermber ,Alki,F,0,11.3,8.12,31.78,6.54,6.98,1,1,5,,,,
11/15/2020,fall,Novermber ,Alki,F,0,11.3,8.12,31.78,6.54,6.98,2,20,13,,,,
11/15/2020,fall,Novermber ,Alki,F,0,11.3,8.12,31.78,6.54,6.98,3,40,71,,,,
11/15/2020,fall,Novermber ,Alki,F,0,11.3,8.12,31.78,6.54,6.98,4,60,4,,,,
11/15/2020,fall,Novermber ,Alki,F,0,11.3,8.12,31.78,6.54,6.98,5,80,1,,,,
11/15/2020,fall,Novermber ,Alki,F,0,11.3,8.12,31.78,6.54,6.98,6,100,2,,,,
11/20/2020,fall,Novermber ,GG,A,1,10.7,8.5,22.29,3.82,8.09,1,1,78,,,,
11/20/2020,fall,Novermber ,GG,A,1,10.7,8.46,22.72,3.86,7.87,2,20,51,,,,
11/20/2020,fall,Novermber ,GG,A,1,10.7,8.44,22.65,3.37,7.53,3,40,55,,,,
11/20/2020,fall,Novermber ,GG,A,1,10.7,8.44,22.21,2.26,7.61,4,60,88,,,,
11/20/2020,fall,Novermber ,GG,A,1,10.7,8.4,22.24,2.05,7.38,5,80,89,,,,
11/20/2020,fall,Novermber ,GG,A,1,10.8,8.38,21.91,2.97,7.39,6,100,69,,,,
11/20/2020,fall,Novermber ,GG,B,1,10.7,8.5,22.29,3.82,8.09,1,1,69,,,,
11/20/2020,fall,Novermber ,GG,B,1,10.7,8.46,22.72,3.86,7.87,2,20,47,,,,
11/20/2020,fall,Novermber ,GG,B,1,10.7,8.44,22.65,3.37,7.53,3,40,40,,,,
11/20/2020,fall,Novermber ,GG,B,1,10.7,8.44,22.21,2.26,7.61,4,60,70,,,,
11/20/2020,fall,Novermber ,GG,B,1,10.7,8.4,22.24,2.05,7.38,5,80,24,,,,
11/20/2020,fall,Novermber ,GG,B,1,10.8,8.38,21.91,2.97,7.39,6,100,36,,,,
11/20/2020,fall,Novermber ,GG,C,1,10.7,8.5,22.29,3.82,8.09,1,1,47,,,,
11/20/2020,fall,Novermber ,GG,C,1,10.7,8.46,22.72,3.86,7.87,2,20,62,,,,
11/20/2020,fall,Novermber ,GG,C,1,10.7,8.44,22.65,3.37,7.53,3,40,66,,,,
11/20/2020,fall,Novermber ,GG,C,1,10.7,8.44,22.21,2.26,7.61,4,60,63,,,,
11/20/2020,fall,Novermber ,GG,C,1,10.7,8.4,22.24,2.05,7.38,5,80,65,,,,
11/20/2020,fall,Novermber ,GG,C,1,10.8,8.38,21.91,2.97,7.39,6,100,79,,,,
11/20/2020,fall,Novermber ,GG,D,0,10.7,8.31,22.97,11.61,7.22,1,1,45,,,,
11/20/2020,fall,Novermber ,GG,D,0,10.7,8.32,22.65,9.84,7.26,2,20,64,,,,
11/20/2020,fall,Novermber ,GG,D,0,10.7,8.34,22.35,5.51,7.36,3,40,62,,,,
11/20/2020,fall,Novermber ,GG,D,0,10.8,8.29,23.63,4.08,7.15,4,60,59,,,,
11/20/2020,fall,Novermber ,GG,D,0,10.8,8.32,23.19,3.52,7.22,5,80,87,,,,
11/20/2020,fall,Novermber ,GG,D,0,10.9,8.29,25.63,2.35,6.75,6,100,67,,,,
11/20/2020,fall,Novermber ,GG,E,0,10.7,8.31,22.97,11.61,7.22,1,1,58,,,,
11/20/2020,fall,Novermber ,GG,E,0,10.7,8.32,22.65,9.84,7.26,2,20,64,,,,
11/20/2020,fall,Novermber ,GG,E,0,10.7,8.34,22.35,5.51,7.36,3,40,55,,,,
11/20/2020,fall,Novermber ,GG,E,0,10.8,8.29,23.63,4.08,7.15,4,60,44,,,,
11/20/2020,fall,Novermber ,GG,E,0,10.8,8.32,23.19,3.52,7.22,5,80,35,,,,
11/20/2020,fall,Novermber ,GG,E,0,10.9,8.29,25.63,2.35,6.75,6,100,38,,,,
11/20/2020,fall,Novermber ,GG,F,0,10.7,8.31,22.97,11.61,7.22,1,1,57,,,,
11/20/2020,fall,Novermber ,GG,F,0,10.7,8.32,22.65,9.84,7.26,2,20,57,,,,
11/20/2020,fall,Novermber ,GG,F,0,10.7,8.34,22.35,5.51,7.36,3,40,52,,,,
11/20/2020,fall,Novermber ,GG,F,0,10.8,8.29,23.63,4.08,7.15,4,60,86,,,,
11/20/2020,fall,Novermber ,GG,F,0,10.8,8.32,23.19,3.52,7.22,5,80,48,,,,
11/20/2020,fall,Novermber ,GG,F,0,10.9,8.29,25.63,2.35,6.75,6,100,46,,,,
11/25/2020,fall,Novermber ,smithcove,A,1,9.2,8.38,25.24,2.48,8.92,1,1,152,,,,
11/25/2020,fall,Novermber ,smithcove,A,1,8.9,8.35,25.99,2.61,8.81,2,20,2,,,,
11/25/2020,fall,Novermber ,smithcove,A,1,9.1,8.32,25.75,2.5,8.36,3,40,180,,,,
11/25/2020,fall,Novermber ,smithcove,A,1,9,8.29,26.66,2.75,8.14,4,60,134,,,,
11/25/2020,fall,Novermber ,smithcove,A,1,8.9,8.28,25.69,2.04,8.05,5,80,194,,,,
11/25/2020,fall,Novermber ,smithcove,A,1,8.9,8.28,25.02,1.51,8.16,6,100,121,,,,
11/25/2020,fall,Novermber ,smithcove,B,1,9.2,8.38,25.24,2.48,8.92,1,1,146,,,,
11/25/2020,fall,Novermber ,smithcove,B,1,8.9,8.35,25.99,2.61,8.81,2,20,186,,,,
11/25/2020,fall,Novermber ,smithcove,B,1,9.1,8.32,25.75,2.5,8.36,3,40,132,,,,
11/25/2020,fall,Novermber ,smithcove,B,1,9,8.29,26.66,2.75,8.14,4,60,162,,,,
11/25/2020,fall,Novermber ,smithcove,B,1,8.9,8.28,25.69,2.04,8.05,5,80,191,,,,
11/25/2020,fall,Novermber ,smithcove,B,1,8.9,8.28,25.02,1.51,8.16,6,100,144,,,,
11/25/2020,fall,Novermber ,smithcove,C,1,9.2,8.38,25.24,2.48,8.92,1,1,142,,,,
11/25/2020,fall,Novermber ,smithcove,C,1,8.9,8.35,25.99,2.61,8.81,2,20,179,,,,
11/25/2020,fall,Novermber ,smithcove,C,1,9.1,8.32,25.75,2.5,8.36,3,40,114,,,,
11/25/2020,fall,Novermber ,smithcove,C,1,9,8.29,26.66,2.75,8.14,4,60,166,,,,
11/25/2020,fall,Novermber ,smithcove,C,1,8.9,8.28,25.69,2.04,8.05,5,80,176,,,,
11/25/2020,fall,Novermber ,smithcove,C,1,8.9,8.28,25.02,1.51,8.16,6,100,142,,,,
11/25/2020,fall,Novermber ,smithcove,D,0,9.4,8.19,28.08,3.28,7.45,1,1,29,,,,
11/25/2020,fall,Novermber ,smithcove,D,0,9.6,8.18,27.42,3.04,7.35,2,20,115,,,,
11/25/2020,fall,Novermber ,smithcove,D,0,9.2,8.21,27.08,2.17,7.62,3,40,161,,,,
11/25/2020,fall,Novermber ,smithcove,D,0,9.7,8.19,28.08,2.16,7.2,4,60,131,,,,
11/25/2020,fall,Novermber ,smithcove,D,0,9,8.24,25.16,1.94,7.95,5,80,119,,,,
11/25/2020,fall,Novermber ,smithcove,D,0,9.1,8.25,26.18,1.84,7.94,6,100,158,,,,
11/25/2020,fall,Novermber ,smithcove,E,0,9.4,8.19,28.08,3.28,7.45,1,1,27,,,,
11/25/2020,fall,Novermber ,smithcove,E,0,9.6,8.18,27.42,3.04,7.35,2,20,121,,,,
11/25/2020,fall,Novermber ,smithcove,E,0,9.2,8.21,27.08,2.17,7.62,3,40,175,,,,
11/25/2020,fall,Novermber ,smithcove,E,0,9.7,8.19,28.08,2.16,7.2,4,60,129,,,,
11/25/2020,fall,Novermber ,smithcove,E,0,9,8.24,25.16,1.94,7.95,5,80,107,,,,
11/25/2020,fall,Novermber ,smithcove,E,0,9.1,8.25,26.18,1.84,7.94,6,100,173,,,,
11/25/2020,fall,Novermber ,smithcove,F,0,9.4,8.19,28.08,3.28,7.45,1,1,30,,,,
11/25/2020,fall,Novermber ,smithcove,F,0,9.6,8.18,27.42,3.04,7.35,2,20,57,,,,
11/25/2020,fall,Novermber ,smithcove,F,0,9.2,8.21,27.08,2.17,7.62,3,40,110,,,,
11/25/2020,fall,Novermber ,smithcove,F,0,9.7,8.19,28.08,2.16,7.2,4,60,170,,,,
11/25/2020,fall,Novermber ,smithcove,F,0,9,8.24,25.16,1.94,7.95,5,80,195,,,,
11/25/2020,fall,Novermber ,smithcove,F,0,9.1,8.25,26.18,1.84,7.94,6,100,106,,,,
12/16/2020,winter,December,Alki,A,1,9.9,8.05,33.06,8.34,7.34,1,1,40,,,,
12/16/2020,winter,December,Alki,A,1,10,8.07,33.08,9.66,6.69,2,20,5,,,,
12/16/2020,winter,December,Alki,A,1,10,8.07,33.08,4.26,6.45,3,40,9,,,,
12/16/2020,winter,December,Alki,A,1,10.1,8.07,33.09,3.16,6.4,4,60,20,,,,
12/16/2020,winter,December,Alki,A,1,10.1,8.06,33.1,2.63,6.3,5,80,3,,,,
12/16/2020,winter,December,Alki,A,1,10.1,8.06,33.11,2.41,6.26,6,100,0,,,,
12/16/2020,winter,December,Alki,B,1,9.9,8.05,33.06,8.34,7.34,1,1,18,,,,
12/16/2020,winter,December,Alki,B,1,10,8.07,33.08,9.66,6.69,2,20,17,,,,
12/16/2020,winter,December,Alki,B,1,10,8.07,33.08,4.26,6.45,3,40,5,,,,
12/16/2020,winter,December,Alki,B,1,10.1,8.07,33.09,3.16,6.4,4,60,18,,,,
12/16/2020,winter,December,Alki,B,1,10.1,8.06,33.1,2.63,6.3,5,80,3,,,,
12/16/2020,winter,December,Alki,B,1,10.1,8.06,33.11,2.41,6.26,6,100,0,,,,
12/16/2020,winter,December,Alki,C,1,9.9,8.05,33.06,8.34,7.34,1,1,43,,,,
12/16/2020,winter,December,Alki,C,1,10,8.07,33.08,9.66,6.69,2,20,4,,,,
12/16/2020,winter,December,Alki,C,1,10,8.07,33.08,4.26,6.45,3,40,8,,,,
12/16/2020,winter,December,Alki,C,1,10.1,8.07,33.09,3.16,6.4,4,60,8,,,,
12/16/2020,winter,December,Alki,C,1,10.1,8.06,33.1,2.63,6.3,5,80,4,,,,
12/16/2020,winter,December,Alki,C,1,10.1,8.06,33.11,2.41,6.26,6,100,0,,,,
12/16/2020,winter,December,Alki,D,0,10,8.05,33.09,2.65,6.72,1,1,11,,,,
12/16/2020,winter,December,Alki,D,0,10,8.04,33.09,2.85,6.34,2,20,1,,,,
12/16/2020,winter,December,Alki,D,0,10,8.05,33.09,1.83,6.25,3,40,2,,,,
12/16/2020,winter,December,Alki,D,0,10.1,8.05,33.1,1.77,6.29,4,60,6,,,,
12/16/2020,winter,December,Alki,D,0,10.1,8.05,33.1,1.82,6.34,5,80,0,,,,
12/16/2020,winter,December,Alki,D,0,10.1,8.05,33.11,1.67,6.72,6,100,1,,,,
12/16/2020,winter,December,Alki,E,0,10,8.05,33.09,2.65,6.72,1,1,3,,,,
12/16/2020,winter,December,Alki,E,0,10,8.04,33.09,2.85,6.34,2,20,18,,,,
12/16/2020,winter,December,Alki,E,0,10,8.05,33.09,1.83,6.25,3,40,0,,,,
12/16/2020,winter,December,Alki,E,0,10.1,8.05,33.1,1.77,6.29,4,60,0,,,,
12/16/2020,winter,December,Alki,E,0,10.1,8.05,33.1,1.82,6.34,5,80,4,,,,
12/16/2020,winter,December,Alki,E,0,10.1,8.05,33.11,1.67,6.72,6,100,0,,,,
12/16/2020,winter,December,Alki,F,0,10,8.05,33.09,2.65,6.72,1,1,2,,,,
12/16/2020,winter,December,Alki,F,0,10,8.04,33.09,2.85,6.34,2,20,4,,,,
12/16/2020,winter,December,Alki,F,0,10,8.05,33.09,1.83,6.25,3,40,7,,,,
12/16/2020,winter,December,Alki,F,0,10.1,8.05,33.1,1.77,6.29,4,60,15,,,,
12/16/2020,winter,December,Alki,F,0,10.1,8.05,33.1,1.82,6.34,5,80,2,,,,
12/16/2020,winter,December,Alki,F,0,10.1,8.05,33.11,1.67,6.72,6,100,2,,,,
12/21/2020,winter,December,GG,A,1,9.5,8.42,24.33,1.15,9.04,1,1,122,,,,
12/21/2020,winter,December,GG,A,1,9.5,8.37,22.65,1.36,8.51,2,20,130,,,,
12/21/2020,winter,December,GG,A,1,9.5,8.37,22.6,1.62,8.61,3,40,38,,,,
12/21/2020,winter,December,GG,A,1,9.6,8.25,23.55,1.64,8.1,4,60,48,,,,
12/21/2020,winter,December,GG,A,1,9.6,8.3,23,1.35,8.09,5,80,30,,,,
12/21/2020,winter,December,GG,A,1,9.6,8.23,25.95,1.36,7.79,6,100,20,,,,
12/21/2020,winter,December,GG,B,1,9.5,8.42,24.33,1.15,9.04,1,1,130,,,,
12/21/2020,winter,December,GG,B,1,9.5,8.37,22.65,1.36,8.51,2,20,121,,,,
12/21/2020,winter,December,GG,B,1,9.5,8.37,22.6,1.62,8.61,3,40,1,,,,
12/21/2020,winter,December,GG,B,1,9.6,8.25,23.55,1.64,8.1,4,60,36,,,,
12/21/2020,winter,December,GG,B,1,9.6,8.3,23,1.35,8.09,5,80,28,,,,
12/21/2020,winter,December,GG,B,1,9.6,8.23,25.95,1.36,7.79,6,100,30,,,,
12/21/2020,winter,December,GG,C,1,9.5,8.42,24.33,1.15,9.04,1,1,94,,,,
12/21/2020,winter,December,GG,C,1,9.5,8.37,22.65,1.36,8.51,2,20,129,,,,
12/21/2020,winter,December,GG,C,1,9.5,8.37,22.6,1.62,8.61,3,40,20,,,,
12/21/2020,winter,December,GG,C,1,9.6,8.25,23.55,1.64,8.1,4,60,40,,,,
12/21/2020,winter,December,GG,C,1,9.6,8.3,23,1.35,8.09,5,80,31,,,,
12/21/2020,winter,December,GG,C,1,9.6,8.23,25.95,1.36,7.79,6,100,36,,,,
12/21/2020,winter,December,GG,D,0,9.5,8.26,22.23,4.51,8.19,1,1,56,,,,
12/21/2020,winter,December,GG,D,0,9.5,8.27,22.22,4.56,8.18,2,20,41,,,,
12/21/2020,winter,December,GG,D,0,9.5,8.26,22.83,3.62,8.09,3,40,51,,,,
12/21/2020,winter,December,GG,D,0,9.6,8.23,24.45,1.8,7.92,4,60,32,,,,
12/21/2020,winter,December,GG,D,0,9.6,8.21,26.98,1.23,7.69,5,80,29,,,,
12/21/2020,winter,December,GG,D,0,9.6,8.22,26.98,1.31,7.76,6,100,25,,,,
12/21/2020,winter,December,GG,E,0,9.5,8.26,22.23,4.51,8.19,1,1,51,,,,
12/21/2020,winter,December,GG,E,0,9.5,8.27,22.22,4.56,8.18,2,20,47,,,,
12/21/2020,winter,December,GG,E,0,9.5,8.26,22.83,3.62,8.09,3,40,47,,,,
12/21/2020,winter,December,GG,E,0,9.6,8.23,24.45,1.8,7.92,4,60,33,,,,
12/21/2020,winter,December,GG,E,0,9.6,8.21,26.98,1.23,7.69,5,80,31,,,,
12/21/2020,winter,December,GG,E,0,9.6,8.22,26.98,1.31,7.76,6,100,31,,,,
12/21/2020,winter,December,GG,F,0,9.5,8.26,22.23,4.51,8.19,1,1,55,,,,
12/21/2020,winter,December,GG,F,0,9.5,8.27,22.22,4.56,8.18,2,20,39,,,,
12/21/2020,winter,December,GG,F,0,9.5,8.26,22.83,3.62,8.09,3,40,50,,,,
12/21/2020,winter,December,GG,F,0,9.6,8.23,24.45,1.8,7.92,4,60,65,,,,
12/21/2020,winter,December,GG,F,0,9.6,8.21,26.98,1.23,7.69,5,80,33,,,,
12/21/2020,winter,December,GG,F,0,9.6,8.22,26.98,1.31,7.76,6,100,30,,,,
12/18/2020,winter,December,smithcove,A,1,9.4,8.28,28,0.96,8.05,1,1,52,,,,
12/18/2020,winter,December,smithcove,A,1,9.4,8.22,28.99,1.16,7.83,2,20,56,,,,
12/18/2020,winter,December,smithcove,A,1,9.4,8.2,29.01,1.03,7.72,3,40,68,,,,
12/18/2020,winter,December,smithcove,A,1,9.4,8.18,29.01,1.13,7.64,4,60,61,,,,
12/18/2020,winter,December,smithcove,A,1,9.4,8.17,29.02,1.017,7.56,5,80,70,,,,
12/18/2020,winter,December,smithcove,A,1,9.4,8.16,29.04,1.18,7.57,6,100,94,,,,
12/18/2020,winter,December,smithcove,B,1,9.4,8.28,28,0.96,8.05,1,1,69,,,,
12/18/2020,winter,December,smithcove,B,1,9.4,8.22,28.99,1.16,7.83,2,20,61,,,,
12/18/2020,winter,December,smithcove,B,1,9.4,8.2,29.01,1.03,7.72,3,40,73,,,,
12/18/2020,winter,December,smithcove,B,1,9.4,8.18,29.01,1.13,7.64,4,60,64,,,,
12/18/2020,winter,December,smithcove,B,1,9.4,8.17,29.02,1.017,7.56,5,80,60,,,,
12/18/2020,winter,December,smithcove,B,1,9.4,8.16,29.04,1.18,7.57,6,100,70,,,,
12/18/2020,winter,December,smithcove,C,1,9.4,8.28,28,0.96,8.05,1,1,88,,,,
12/18/2020,winter,December,smithcove,C,1,9.4,8.22,28.99,1.16,7.83,2,20,61,,,,
12/18/2020,winter,December,smithcove,C,1,9.4,8.2,29.01,1.03,7.72,3,40,75,,,,
12/18/2020,winter,December,smithcove,C,1,9.4,8.18,29.01,1.13,7.64,4,60,59,,,,
12/18/2020,winter,December,smithcove,C,1,9.4,8.17,29.02,1.017,7.56,5,80,78,,,,
12/18/2020,winter,December,smithcove,C,1,9.4,8.16,29.04,1.18,7.57,6,100,65,,,,
12/18/2020,winter,December,smithcove,D,0,9.4,8.12,28.98,1.14,7.47,1,1,71,,,,
12/18/2020,winter,December,smithcove,D,0,9.4,8.12,28.99,1.02,7.43,2,20,109,,,,
12/18/2020,winter,December,smithcove,D,0,9.4,8.13,28.99,1.09,7.47,3,40,77,,,,
12/18/2020,winter,December,smithcove,D,0,9.4,8.14,29.01,1.14,7.49,4,60,54,,,,
12/18/2020,winter,December,smithcove,D,0,9.4,8.14,29.01,1.24,7.52,5,80,71,,,,
12/18/2020,winter,December,smithcove,D,0,9.4,8.16,29.02,1.2,7.54,6,100,71,,,,
12/18/2020,winter,December,smithcove,E,0,9.4,8.12,28.98,1.14,7.47,1,1,66,,,,
12/18/2020,winter,December,smithcove,E,0,9.4,8.12,28.99,1.02,7.43,2,20,72,,,,
12/18/2020,winter,December,smithcove,E,0,9.4,8.13,28.99,1.09,7.47,3,40,40,,,,
12/18/2020,winter,December,smithcove,E,0,9.4,8.14,29.01,1.14,7.49,4,60,154,,,,
12/18/2020,winter,December,smithcove,E,0,9.4,8.14,29.01,1.24,7.52,5,80,65,,,,
12/18/2020,winter,December,smithcove,E,0,9.4,8.16,29.02,1.2,7.54,6,100,62,,,,
12/18/2020,winter,December,smithcove,F,0,9.4,8.12,28.98,1.14,7.47,1,1,61,,,,
12/18/2020,winter,December,smithcove,F,0,9.4,8.12,28.99,1.02,7.43,2,20,63,,,,
12/18/2020,winter,December,smithcove,F,0,9.4,8.13,28.99,1.09,7.47,3,40,83,,,,
12/18/2020,winter,December,smithcove,F,0,9.4,8.14,29.01,1.14,7.49,4,60,63,,,,
12/18/2020,winter,December,smithcove,F,0,9.4,8.14,29.01,1.24,7.52,5,80,60,,,,
12/18/2020,winter,December,smithcove,F,0,9.4,8.16,29.02,1.2,7.54,6,100,71,,,,
1/22/2021,winter,January,Alki,A,1,8.5,7.76,29.25,12.02,8.83,1,1,10,,,,
1/22/2021,winter,January,Alki,A,1,8.5,7.76,29.25,12.02,8.83,2,20,3,,,,
1/22/2021,winter,January,Alki,A,1,8.5,7.76,29.25,12.02,8.83,3,40,2,,,,
1/22/2021,winter,January,Alki,A,1,8.4,7.84,29.04,10.55,8.48,4,60,3,,,,
1/22/2021,winter,January,Alki,A,1,8.4,7.84,29.04,10.55,8.48,5,80,3,,,,
1/22/2021,winter,January,Alki,A,1,,,,,,6,100,,,,,
1/22/2021,winter,January,Alki,B,1,8.5,7.76,29.25,12.02,8.83,1,1,9,,,,
1/22/2021,winter,January,Alki,B,1,8.5,7.76,29.25,12.02,8.83,2,20,1,,,,
1/22/2021,winter,January,Alki,B,1,8.5,7.76,29.25,12.02,8.83,3,40,1,,,,
1/22/2021,winter,January,Alki,B,1,8.4,7.84,29.04,10.55,8.48,4,60,4,,,,
1/22/2021,winter,January,Alki,B,1,8.4,7.84,29.04,10.55,8.48,5,80,2,,,,
1/22/2021,winter,January,Alki,B,1,,,,,,6,100,,,,,
1/22/2021,winter,January,Alki,C,1,8.5,7.76,29.25,12.02,8.83,1,1,6,,,,
1/22/2021,winter,January,Alki,C,1,8.5,7.76,29.25,12.02,8.83,2,20,1,,,,
1/22/2021,winter,January,Alki,C,1,8.5,7.76,29.25,12.02,8.83,3,40,9,,,,
1/22/2021,winter,January,Alki,C,1,8.4,7.84,29.04,10.55,8.48,4,60,2,,,,
1/22/2021,winter,January,Alki,C,1,8.4,7.84,29.04,10.55,8.48,5,80,21,,,,
1/22/2021,winter,January,Alki,C,1,,,,,,6,100,,,,,
1/22/2021,winter,January,Alki,D,0,8.5,7.84,29.07,7.66,8.09,1,1,6,,,,
1/22/2021,winter,January,Alki,D,0,8.5,7.84,29.07,7.66,8.09,2,20,4,,,,
1/22/2021,winter,January,Alki,D,0,8.5,7.84,29.07,7.66,8.09,3,40,2,,,,
1/22/2021,winter,January,Alki,D,0,8.4,7.85,29.04,7.65,8.07,4,60,4,,,,
1/22/2021,winter,January,Alki,D,0,8.4,7.85,29.04,7.65,8.07,5,80,1,,,,
1/22/2021,winter,January,Alki,D,0,,,,,,6,100,,,,,
1/22/2021,winter,January,Alki,E,0,8.5,7.84,29.07,7.66,8.09,1,1,7,,,,
1/22/2021,winter,January,Alki,E,0,8.5,7.84,29.07,7.66,8.09,2,20,3,,,,
1/22/2021,winter,January,Alki,E,0,8.5,7.84,29.07,7.66,8.09,3,40,7,,,,
1/22/2021,winter,January,Alki,E,0,8.4,7.85,29.04,7.65,8.07,4,60,3,,,,
1/22/2021,winter,January,Alki,E,0,8.4,7.85,29.04,7.65,8.07,5,80,6,,,,
1/22/2021,winter,January,Alki,E,0,,,,,,6,100,,,,,
1/22/2021,winter,January,Alki,F,0,8.5,7.84,29.07,7.66,8.09,1,1,5,,,,
1/22/2021,winter,January,Alki,F,0,8.5,7.84,29.07,7.66,8.09,2,20,6,,,,
1/22/2021,winter,January,Alki,F,0,8.5,7.84,29.07,7.66,8.09,3,40,3,,,,
1/22/2021,winter,January,Alki,F,0,8.4,7.85,29.04,7.65,8.07,4,60,2,,,,
1/22/2021,winter,January,Alki,F,0,8.4,7.85,29.04,7.65,8.07,5,80,1,,,,
1/22/2021,winter,January,Alki,F,0,,,,,,6,100,,,,,
1/29/2021,winter,January,GG,A,1,8.5,7.88,26.69,7.541,8.35,1,1,16,,,,
1/29/2021,winter,January,GG,A,1,8.6,7.97,21.73,8.465,8.62,2,20,20,,,,
1/29/2021,winter,January,GG,A,1,8.7,7.83,27.91,8.874,7.84,3,40,5,,,,
1/29/2021,winter,January,GG,A,1,8.6,7.87,22.89,11.55,8.15,4,60,5,,,,
1/29/2021,winter,January,GG,A,1,8.6,7.81,26.74,11.8,7.98,5,80,8,,,,
1/29/2021,winter,January,GG,A,1,8.6,8.86,23.3,8.504,8.07,6,100,8,,,,
1/29/2021,winter,January,GG,B,1,8.5,7.88,26.69,7.541,8.35,1,1,9,,,,
1/29/2021,winter,January,GG,B,1,8.6,7.97,21.73,8.465,8.62,2,20,8,,,,
1/29/2021,winter,January,GG,B,1,8.7,7.83,27.91,8.874,7.84,3,40,6,,,,
1/29/2021,winter,January,GG,B,1,8.6,7.87,22.89,11.55,8.15,4,60,15,,,,
1/29/2021,winter,January,GG,B,1,8.6,7.81,26.74,11.8,7.98,5,80,9,,,,
1/29/2021,winter,January,GG,B,1,8.6,8.86,23.3,8.504,8.07,6,100,2,,,,
1/29/2021,winter,January,GG,C,1,8.5,7.88,26.69,7.541,8.35,1,1,12,,,,
1/29/2021,winter,January,GG,C,1,8.6,7.97,21.73,8.465,8.62,2,20,23,,,,
1/29/2021,winter,January,GG,C,1,8.7,7.83,27.91,8.874,7.84,3,40,5,,,,
1/29/2021,winter,January,GG,C,1,8.6,7.87,22.89,11.55,8.15,4,60,4,,,,
1/29/2021,winter,January,GG,C,1,8.6,7.81,26.74,11.8,7.98,5,80,14,,,,
1/29/2021,winter,January,GG,C,1,8.6,8.86,23.3,8.504,8.07,6,100,9,,,,
1/29/2021,winter,January,GG,D,0,8.7,7.83,21.84,16.281,8.45,1,1,45,,,,
1/29/2021,winter,January,GG,D,0,8.4,7.83,23.51,11.082,8.44,2,20,76,,,,
1/29/2021,winter,January,GG,D,0,8.6,7.79,25.73,9.081,7.69,3,40,1,,,,
1/29/2021,winter,January,GG,D,0,8.4,7.73,26.65,9.128,7.57,4,60,11,,,,
1/29/2021,winter,January,GG,D,0,8.8,7.73,29.13,14.619,7.47,5,80,11,,,,
1/29/2021,winter,January,GG,D,0,8.6,7.72,29.32,12.606,7.61,6,100,7,,,,
1/29/2021,winter,January,GG,E,0,8.7,7.83,21.84,16.281,8.45,1,1,86,,,,
1/29/2021,winter,January,GG,E,0,8.4,7.83,23.51,11.082,8.44,2,20,68,,,,
1/29/2021,winter,January,GG,E,0,8.6,7.79,25.73,9.081,7.69,3,40,7,,,,
1/29/2021,winter,January,GG,E,0,8.4,7.73,26.65,9.128,7.57,4,60,5,,,,
1/29/2021,winter,January,GG,E,0,8.8,7.73,29.13,14.619,7.47,5,80,4,,,,
1/29/2021,winter,January,GG,E,0,8.6,7.72,29.32,12.606,7.61,6,100,6,,,,
1/29/2021,winter,January,GG,F,0,8.7,7.83,21.84,16.281,8.45,1,1,6,,,,
1/29/2021,winter,January,GG,F,0,8.4,7.83,23.51,11.082,8.44,2,20,42,,,,
1/29/2021,winter,January,GG,F,0,8.6,7.79,25.73,9.081,7.69,3,40,7,,,,
1/29/2021,winter,January,GG,F,0,8.4,7.73,26.65,9.128,7.57,4,60,9,,,,
1/29/2021,winter,January,GG,F,0,8.8,7.73,29.13,14.619,7.47,5,80,7,,,,
1/29/2021,winter,January,GG,F,0,8.6,7.72,29.32,12.606,7.61,6,100,9,,,,
1/18/2021,winter,January,smithcove,A,1,7.9,7.9,25.55,9.49,7.76,1,1,26,,,,
1/18/2021,winter,January,smithcove,A,1,8.6,7.8,25.91,9,7.8,2,20,38,,,,
1/18/2021,winter,January,smithcove,A,1,8.2,7.88,26.2,9.73,7.97,3,40,23,,,,
1/18/2021,winter,January,smithcove,A,1,8.6,7.88,26.86,9.43,7.63,4,60,25,,,,
1/18/2021,winter,January,smithcove,A,1,8.7,7.88,26.23,10.29,7.56,5,80,20,,,,
1/18/2021,winter,January,smithcove,A,1,8.6,7.87,26.12,11.15,7.8,6,100,15,,,,
1/18/2021,winter,January,smithcove,B,1,7.9,7.9,25.55,9.49,7.76,1,1,24,,,,
1/18/2021,winter,January,smithcove,B,1,8.6,7.8,25.91,9,7.8,2,20,31,,,,
1/18/2021,winter,January,smithcove,B,1,8.2,7.88,26.2,9.73,7.97,3,40,30,,,,
1/18/2021,winter,January,smithcove,B,1,8.6,7.88,26.86,9.43,7.63,4,60,27,,,,
1/18/2021,winter,January,smithcove,B,1,8.7,7.88,26.23,10.29,7.56,5,80,26,,,,
1/18/2021,winter,January,smithcove,B,1,8.6,7.87,26.12,11.15,7.8,6,100,16,,,,
1/18/2021,winter,January,smithcove,C,1,7.9,7.9,25.55,9.49,7.76,1,1,41,,,,
1/18/2021,winter,January,smithcove,C,1,8.6,7.8,25.91,9,7.8,2,20,20,,,,
1/18/2021,winter,January,smithcove,C,1,8.2,7.88,26.2,9.73,7.97,3,40,20,,,,
1/18/2021,winter,January,smithcove,C,1,8.6,7.88,26.86,9.43,7.63,4,60,17,,,,
1/18/2021,winter,January,smithcove,C,1,8.7,7.88,26.23,10.29,7.56,5,80,16,,,,
1/18/2021,winter,January,smithcove,C,1,8.6,7.87,26.12,11.15,7.8,6,100,18,,,,
1/18/2021,winter,January,smithcove,D,0,9,7.82,28.61,2.66,7.37,1,1,42,,,,
1/18/2021,winter,January,smithcove,D,0,8.8,7.82,28.05,4.35,7.33,2,20,29,,,,
1/18/2021,winter,January,smithcove,D,0,8.8,8.83,27.61,7.53,7.46,3,40,14,,,,
1/18/2021,winter,January,smithcove,D,0,8.9,7.85,27.89,7.84,7.32,4,60,18,,,,
1/18/2021,winter,January,smithcove,D,0,8.7,7.85,26.52,9.37,7.76,5,80,21,,,,
1/18/2021,winter,January,smithcove,D,0,8.6,7.85,26.53,9.92,7.78,6,100,26,,,,
1/18/2021,winter,January,smithcove,E,0,9,7.82,28.61,2.66,7.37,1,1,44,,,,
1/18/2021,winter,January,smithcove,E,0,8.8,7.82,28.05,4.35,7.33,2,20,23,,,,
1/18/2021,winter,January,smithcove,E,0,8.8,8.83,27.61,7.53,7.46,3,40,11,,,,
1/18/2021,winter,January,smithcove,E,0,8.9,7.85,27.89,7.84,7.32,4,60,18,,,,
1/18/2021,winter,January,smithcove,E,0,8.7,7.85,26.52,9.37,7.76,5,80,21,,,,
1/18/2021,winter,January,smithcove,E,0,8.6,7.85,26.53,9.92,7.78,6,100,18,,,,
1/18/2021,winter,January,smithcove,F,0,9,7.82,28.61,2.66,7.37,1,1,55,,,,
1/18/2021,winter,January,smithcove,F,0,8.8,7.82,28.05,4.35,7.33,2,20,17,,,,
1/18/2021,winter,January,smithcove,F,0,8.8,8.83,27.61,7.53,7.46,3,40,20,,,,
1/18/2021,winter,January,smithcove,F,0,8.9,7.85,27.89,7.84,7.32,4,60,13,,,,
1/18/2021,winter,January,smithcove,F,0,8.7,7.85,26.52,9.37,7.76,5,80,17,,,,
1/18/2021,winter,January,smithcove,F,0,8.6,7.85,26.53,9.92,7.78,6,100,25,,,,